text,label
Analysis of existing public datasets regarding census information. The primary objective is... 318 subjects involved.,Exempt
Observation of public behavior in a city park without any identifiers recorded. This study aims to... 339 subjects involved.,Exempt
Retrospective review of de-identified medical records for frequency of flu symptoms. Data will be collected via... 443 subjects involved.,Exempt
Retrospective review of de-identified medical records for frequency of flu symptoms. Participants will be asked to... 109 subjects involved.,Exempt
Research involving interviews with incarcerated individuals about prison conditions. This study aims to... 332 subjects involved.,Full Board
"Focus groups regarding sensitive personal experiences, but with minimal risk of harm. Participants will be asked to... 308 subjects involved.",Expedited
Research involving interviews with incarcerated individuals about prison conditions. This study aims to... 72 subjects involved.,Full Board
Evaluating a high-risk surgical procedure for spinal cord injury reconstruction. This study aims to... 22 subjects involved.,Full Board
Research on individual or group behavior using recorded voice or video data. Data will be collected via... 16 subjects involved.,Expedited
Evaluating a high-risk surgical procedure for spinal cord injury reconstruction. Data will be collected via... 497 subjects involved.,Full Board
Research on individual or group behavior using recorded voice or video data. Data will be collected via... 426 subjects involved.,Expedited
Secondary analysis of anonymized blood pressure data from a 2010 study. Data will be collected via... 391 subjects involved.,Exempt
Secondary analysis of anonymized blood pressure data from a 2010 study. The primary objective is... 339 subjects involved.,Exempt
Anonymous survey regarding workplace satisfaction among corporate employees. Participants will be asked to... 113 subjects involved.,Exempt
Analysis of existing public datasets regarding census information. The primary objective is... 489 subjects involved.,Exempt
Anonymous survey regarding workplace satisfaction among corporate employees. Data will be collected via... 226 subjects involved.,Exempt
"Focus groups regarding sensitive personal experiences, but with minimal risk of harm. Participants will be asked to... 90 subjects involved.",Expedited
Anonymous survey regarding workplace satisfaction among corporate employees. Participants will be asked to... 107 subjects involved.,Exempt
"Focus groups regarding sensitive personal experiences, but with minimal risk of harm. This study aims to... 238 subjects involved.",Expedited
Study on the psychological impact of past trauma in children under 10. This study aims to... 290 subjects involved.,Full Board
Collection of saliva samples from healthy adults to measure cortisol levels. Participants will be asked to... 250 subjects involved.,Expedited
Small blood draw via venipuncture from healthy non-pregnant adults. Data will be collected via... 25 subjects involved.,Expedited
Small blood draw via venipuncture from healthy non-pregnant adults. Data will be collected via... 137 subjects involved.,Expedited
Anonymous survey regarding workplace satisfaction among corporate employees. The primary objective is... 95 subjects involved.,Exempt
"Focus groups regarding sensitive personal experiences, but with minimal risk of harm. Participants will be asked to... 94 subjects involved.",Expedited
"Focus groups regarding sensitive personal experiences, but with minimal risk of harm. Data will be collected via... 64 subjects involved.",Expedited
Interviews with teachers about stress levels where names are linked to responses. The primary objective is... 270 subjects involved.,Expedited
Interviews with teachers about stress levels where names are linked to responses. The primary objective is... 108 subjects involved.,Expedited
Research involving intentional deception of participants regarding physical safety. This study aims to... 276 subjects involved.,Full Board
"Focus groups regarding sensitive personal experiences, but with minimal risk of harm. Data will be collected via... 137 subjects involved.",Expedited
"Focus groups regarding sensitive personal experiences, but with minimal risk of harm. Data will be collected via... 429 subjects involved.",Expedited
Evaluation of a new math curriculum in a standard 4th-grade classroom environment. Data will be collected via... 405 subjects involved.,Exempt
Research involving intentional deception of participants regarding physical safety. Data will be collected via... 426 subjects involved.,Full Board
Surveying active drug users about illegal activities with identifiable data collection. Data will be collected via... 143 subjects involved.,Full Board
Study on the psychological impact of past trauma in children under 10. This study aims to... 491 subjects involved.,Full Board
Surveying active drug users about illegal activities with identifiable data collection. This study aims to... 98 subjects involved.,Full Board
Research involving intentional deception of participants regarding physical safety. Participants will be asked to... 490 subjects involved.,Full Board
Anonymous survey regarding workplace satisfaction among corporate employees. This study aims to... 430 subjects involved.,Exempt
Interviews with teachers about stress levels where names are linked to responses. The primary objective is... 43 subjects involved.,Expedited
Observation of public behavior in a city park without any identifiers recorded. This study aims to... 158 subjects involved.,Exempt
Collection of saliva samples from healthy adults to measure cortisol levels. The primary objective is... 460 subjects involved.,Expedited
Study on the psychological impact of past trauma in children under 10. The primary objective is... 179 subjects involved.,Full Board
Anonymous survey regarding workplace satisfaction among corporate employees. Participants will be asked to... 195 subjects involved.,Exempt
Observation of public behavior in a city park without any identifiers recorded. Data will be collected via... 346 subjects involved.,Exempt
Evaluating a high-risk surgical procedure for spinal cord injury reconstruction. Participants will be asked to... 204 subjects involved.,Full Board
Secondary analysis of anonymized blood pressure data from a 2010 study. This study aims to... 361 subjects involved.,Exempt
Evaluation of a new math curriculum in a standard 4th-grade classroom environment. This study aims to... 15 subjects involved.,Exempt
Research involving intentional deception of participants regarding physical safety. The primary objective is... 415 subjects involved.,Full Board
Interviews with teachers about stress levels where names are linked to responses. Data will be collected via... 367 subjects involved.,Expedited
Evaluating a high-risk surgical procedure for spinal cord injury reconstruction. This study aims to... 209 subjects involved.,Full Board
Small blood draw via venipuncture from healthy non-pregnant adults. The primary objective is... 57 subjects involved.,Expedited
Study using non-invasive heart rate monitors during light treadmill exercise. The primary objective is... 467 subjects involved.,Expedited
Retrospective review of de-identified medical records for frequency of flu symptoms. This study aims to... 480 subjects involved.,Exempt
Evaluating a high-risk surgical procedure for spinal cord injury reconstruction. This study aims to... 142 subjects involved.,Full Board
Research on individual or group behavior using recorded voice or video data. This study aims to... 349 subjects involved.,Expedited
Interviews with teachers about stress levels where names are linked to responses. Data will be collected via... 159 subjects involved.,Expedited
Analysis of existing public datasets regarding census information. The primary objective is... 323 subjects involved.,Exempt
Analysis of existing public datasets regarding census information. Data will be collected via... 117 subjects involved.,Exempt
Observation of public behavior in a city park without any identifiers recorded. This study aims to... 484 subjects involved.,Exempt
Research involving interviews with incarcerated individuals about prison conditions. The primary objective is... 104 subjects involved.,Full Board
Anonymous survey regarding workplace satisfaction among corporate employees. Data will be collected via... 211 subjects involved.,Exempt
Anonymous survey regarding workplace satisfaction among corporate employees. Participants will be asked to... 58 subjects involved.,Exempt
Clinical trial testing a new pharmaceutical drug for hypertension in elderly patients. This study aims to... 460 subjects involved.,Full Board
Interviews with teachers about stress levels where names are linked to responses. The primary objective is... 182 subjects involved.,Expedited
Collection of saliva samples from healthy adults to measure cortisol levels. The primary objective is... 216 subjects involved.,Expedited
Research on individual or group behavior using recorded voice or video data. Participants will be asked to... 236 subjects involved.,Expedited
Observation of public behavior in a city park without any identifiers recorded. Participants will be asked to... 480 subjects involved.,Exempt
Analysis of existing public datasets regarding census information. This study aims to... 452 subjects involved.,Exempt
Research involving interviews with incarcerated individuals about prison conditions. Participants will be asked to... 416 subjects involved.,Full Board
Surveying active drug users about illegal activities with identifiable data collection. This study aims to... 396 subjects involved.,Full Board
Research involving interviews with incarcerated individuals about prison conditions. This study aims to... 113 subjects involved.,Full Board
Interviews with teachers about stress levels where names are linked to responses. This study aims to... 10 subjects involved.,Expedited
Evaluating a high-risk surgical procedure for spinal cord injury reconstruction. Data will be collected via... 241 subjects involved.,Full Board
Research involving intentional deception of participants regarding physical safety. The primary objective is... 450 subjects involved.,Full Board
Secondary analysis of anonymized blood pressure data from a 2010 study. This study aims to... 423 subjects involved.,Exempt
"Focus groups regarding sensitive personal experiences, but with minimal risk of harm. The primary objective is... 280 subjects involved.",Expedited
Research on individual or group behavior using recorded voice or video data. Data will be collected via... 68 subjects involved.,Expedited
Observation of public behavior in a city park without any identifiers recorded. This study aims to... 312 subjects involved.,Exempt
Clinical trial testing a new pharmaceutical drug for hypertension in elderly patients. The primary objective is... 300 subjects involved.,Full Board
"Focus groups regarding sensitive personal experiences, but with minimal risk of harm. This study aims to... 135 subjects involved.",Expedited
Anonymous survey regarding workplace satisfaction among corporate employees. This study aims to... 304 subjects involved.,Exempt
Retrospective review of de-identified medical records for frequency of flu symptoms. The primary objective is... 211 subjects involved.,Exempt
Secondary analysis of anonymized blood pressure data from a 2010 study. This study aims to... 284 subjects involved.,Exempt
Research involving intentional deception of participants regarding physical safety. This study aims to... 353 subjects involved.,Full Board
Study on the psychological impact of past trauma in children under 10. The primary objective is... 439 subjects involved.,Full Board
Anonymous survey regarding workplace satisfaction among corporate employees. This study aims to... 408 subjects involved.,Exempt
Study using non-invasive heart rate monitors during light treadmill exercise. This study aims to... 227 subjects involved.,Expedited
Study using non-invasive heart rate monitors during light treadmill exercise. Data will be collected via... 340 subjects involved.,Expedited
Research involving intentional deception of participants regarding physical safety. Participants will be asked to... 394 subjects involved.,Full Board
"Focus groups regarding sensitive personal experiences, but with minimal risk of harm. The primary objective is... 482 subjects involved.",Expedited
Evaluating a high-risk surgical procedure for spinal cord injury reconstruction. The primary objective is... 114 subjects involved.,Full Board
Secondary analysis of anonymized blood pressure data from a 2010 study. This study aims to... 93 subjects involved.,Exempt
Secondary analysis of anonymized blood pressure data from a 2010 study. The primary objective is... 449 subjects involved.,Exempt
Observation of public behavior in a city park without any identifiers recorded. Participants will be asked to... 173 subjects involved.,Exempt
Evaluating a high-risk surgical procedure for spinal cord injury reconstruction. The primary objective is... 225 subjects involved.,Full Board
Research on individual or group behavior using recorded voice or video data. The primary objective is... 67 subjects involved.,Expedited
Study on the psychological impact of past trauma in children under 10. Data will be collected via... 64 subjects involved.,Full Board
Study on the psychological impact of past trauma in children under 10. Data will be collected via... 215 subjects involved.,Full Board
Secondary analysis of anonymized blood pressure data from a 2010 study. This study aims to... 242 subjects involved.,Exempt
Study on the psychological impact of past trauma in children under 10. Data will be collected via... 267 subjects involved.,Full Board
"Focus groups regarding sensitive personal experiences, but with minimal risk of harm. The primary objective is... 453 subjects involved.",Expedited
Research involving intentional deception of participants regarding physical safety. This study aims to... 310 subjects involved.,Full Board
Observation of public behavior in a city park without any identifiers recorded. This study aims to... 110 subjects involved.,Exempt
Surveying active drug users about illegal activities with identifiable data collection. This study aims to... 395 subjects involved.,Full Board
Clinical trial testing a new pharmaceutical drug for hypertension in elderly patients. This study aims to... 332 subjects involved.,Full Board
Clinical trial testing a new pharmaceutical drug for hypertension in elderly patients. The primary objective is... 482 subjects involved.,Full Board
Study on the psychological impact of past trauma in children under 10. This study aims to... 137 subjects involved.,Full Board
Research on individual or group behavior using recorded voice or video data. This study aims to... 230 subjects involved.,Expedited
Anonymous survey regarding workplace satisfaction among corporate employees. Data will be collected via... 243 subjects involved.,Exempt
Clinical trial testing a new pharmaceutical drug for hypertension in elderly patients. The primary objective is... 100 subjects involved.,Full Board
Research involving intentional deception of participants regarding physical safety. This study aims to... 128 subjects involved.,Full Board
Interviews with teachers about stress levels where names are linked to responses. The primary objective is... 57 subjects involved.,Expedited
Evaluating a high-risk surgical procedure for spinal cord injury reconstruction. Data will be collected via... 45 subjects involved.,Full Board
Anonymous survey regarding workplace satisfaction among corporate employees. The primary objective is... 320 subjects involved.,Exempt
Evaluation of a new math curriculum in a standard 4th-grade classroom environment. Data will be collected via... 348 subjects involved.,Exempt
Study on the psychological impact of past trauma in children under 10. Participants will be asked to... 23 subjects involved.,Full Board
Evaluation of a new math curriculum in a standard 4th-grade classroom environment. This study aims to... 398 subjects involved.,Exempt
Secondary analysis of anonymized blood pressure data from a 2010 study. Participants will be asked to... 245 subjects involved.,Exempt
Observation of public behavior in a city park without any identifiers recorded. Data will be collected via... 370 subjects involved.,Exempt
Collection of saliva samples from healthy adults to measure cortisol levels. The primary objective is... 56 subjects involved.,Expedited
Retrospective review of de-identified medical records for frequency of flu symptoms. Participants will be asked to... 291 subjects involved.,Exempt
Anonymous survey regarding workplace satisfaction among corporate employees. Data will be collected via... 216 subjects involved.,Exempt
Retrospective review of de-identified medical records for frequency of flu symptoms. The primary objective is... 310 subjects involved.,Exempt
Evaluating a high-risk surgical procedure for spinal cord injury reconstruction. Participants will be asked to... 259 subjects involved.,Full Board
Anonymous survey regarding workplace satisfaction among corporate employees. The primary objective is... 143 subjects involved.,Exempt
Anonymous survey regarding workplace satisfaction among corporate employees. This study aims to... 285 subjects involved.,Exempt
Research on individual or group behavior using recorded voice or video data. The primary objective is... 307 subjects involved.,Expedited
Research involving interviews with incarcerated individuals about prison conditions. The primary objective is... 156 subjects involved.,Full Board
Research involving intentional deception of participants regarding physical safety. This study aims to... 68 subjects involved.,Full Board
Clinical trial testing a new pharmaceutical drug for hypertension in elderly patients. This study aims to... 218 subjects involved.,Full Board
Observation of public behavior in a city park without any identifiers recorded. The primary objective is... 466 subjects involved.,Exempt
Collection of saliva samples from healthy adults to measure cortisol levels. This study aims to... 405 subjects involved.,Expedited
Clinical trial testing a new pharmaceutical drug for hypertension in elderly patients. This study aims to... 430 subjects involved.,Full Board
Study using non-invasive heart rate monitors during light treadmill exercise. The primary objective is... 156 subjects involved.,Expedited
Clinical trial testing a new pharmaceutical drug for hypertension in elderly patients. Participants will be asked to... 429 subjects involved.,Full Board
Secondary analysis of anonymized blood pressure data from a 2010 study. Data will be collected via... 163 subjects involved.,Exempt
Surveying active drug users about illegal activities with identifiable data collection. Participants will be asked to... 205 subjects involved.,Full Board
Clinical trial testing a new pharmaceutical drug for hypertension in elderly patients. Data will be collected via... 371 subjects involved.,Full Board
Evaluating a high-risk surgical procedure for spinal cord injury reconstruction. Participants will be asked to... 80 subjects involved.,Full Board
Research involving intentional deception of participants regarding physical safety. Participants will be asked to... 48 subjects involved.,Full Board
"Focus groups regarding sensitive personal experiences, but with minimal risk of harm. Participants will be asked to... 301 subjects involved.",Expedited
Research on individual or group behavior using recorded voice or video data. The primary objective is... 455 subjects involved.,Expedited
Surveying active drug users about illegal activities with identifiable data collection. Participants will be asked to... 85 subjects involved.,Full Board
Study using non-invasive heart rate monitors during light treadmill exercise. Participants will be asked to... 483 subjects involved.,Expedited
Observation of public behavior in a city park without any identifiers recorded. Participants will be asked to... 190 subjects involved.,Exempt
Study on the psychological impact of past trauma in children under 10. This study aims to... 354 subjects involved.,Full Board
Study on the psychological impact of past trauma in children under 10. This study aims to... 111 subjects involved.,Full Board
Anonymous survey regarding workplace satisfaction among corporate employees. This study aims to... 436 subjects involved.,Exempt
Study on the psychological impact of past trauma in children under 10. The primary objective is... 309 subjects involved.,Full Board
Evaluating a high-risk surgical procedure for spinal cord injury reconstruction. This study aims to... 345 subjects involved.,Full Board
Interviews with teachers about stress levels where names are linked to responses. The primary objective is... 165 subjects involved.,Expedited
Evaluating a high-risk surgical procedure for spinal cord injury reconstruction. Data will be collected via... 485 subjects involved.,Full Board
Evaluation of a new math curriculum in a standard 4th-grade classroom environment. Data will be collected via... 255 subjects involved.,Exempt
Evaluating a high-risk surgical procedure for spinal cord injury reconstruction. The primary objective is... 431 subjects involved.,Full Board
Study on the psychological impact of past trauma in children under 10. This study aims to... 153 subjects involved.,Full Board
"Focus groups regarding sensitive personal experiences, but with minimal risk of harm. Data will be collected via... 167 subjects involved.",Expedited
Evaluation of a new math curriculum in a standard 4th-grade classroom environment. Data will be collected via... 67 subjects involved.,Exempt
Secondary analysis of anonymized blood pressure data from a 2010 study. This study aims to... 336 subjects involved.,Exempt
"Focus groups regarding sensitive personal experiences, but with minimal risk of harm. Participants will be asked to... 230 subjects involved.",Expedited
Research involving interviews with incarcerated individuals about prison conditions. The primary objective is... 30 subjects involved.,Full Board
Evaluating a high-risk surgical procedure for spinal cord injury reconstruction. Data will be collected via... 192 subjects involved.,Full Board
"Focus groups regarding sensitive personal experiences, but with minimal risk of harm. Data will be collected via... 117 subjects involved.",Expedited
Interviews with teachers about stress levels where names are linked to responses. This study aims to... 418 subjects involved.,Expedited
Small blood draw via venipuncture from healthy non-pregnant adults. Participants will be asked to... 227 subjects involved.,Expedited
Observation of public behavior in a city park without any identifiers recorded. The primary objective is... 181 subjects involved.,Exempt
Analysis of existing public datasets regarding census information. Data will be collected via... 489 subjects involved.,Exempt
Secondary analysis of anonymized blood pressure data from a 2010 study. The primary objective is... 198 subjects involved.,Exempt
Study using non-invasive heart rate monitors during light treadmill exercise. The primary objective is... 171 subjects involved.,Expedited
Evaluating a high-risk surgical procedure for spinal cord injury reconstruction. Participants will be asked to... 240 subjects involved.,Full Board
Collection of saliva samples from healthy adults to measure cortisol levels. Data will be collected via... 97 subjects involved.,Expedited
Research involving interviews with incarcerated individuals about prison conditions. The primary objective is... 311 subjects involved.,Full Board
Secondary analysis of anonymized blood pressure data from a 2010 study. Participants will be asked to... 365 subjects involved.,Exempt
"Focus groups regarding sensitive personal experiences, but with minimal risk of harm. The primary objective is... 98 subjects involved.",Expedited
Clinical trial testing a new pharmaceutical drug for hypertension in elderly patients. The primary objective is... 431 subjects involved.,Full Board
Research involving interviews with incarcerated individuals about prison conditions. This study aims to... 181 subjects involved.,Full Board
Clinical trial testing a new pharmaceutical drug for hypertension in elderly patients. Data will be collected via... 90 subjects involved.,Full Board
Study using non-invasive heart rate monitors during light treadmill exercise. The primary objective is... 32 subjects involved.,Expedited
Study using non-invasive heart rate monitors during light treadmill exercise. Participants will be asked to... 318 subjects involved.,Expedited
Small blood draw via venipuncture from healthy non-pregnant adults. Participants will be asked to... 297 subjects involved.,Expedited
Interviews with teachers about stress levels where names are linked to responses. The primary objective is... 25 subjects involved.,Expedited
Analysis of existing public datasets regarding census information. The primary objective is... 275 subjects involved.,Exempt
Study on the psychological impact of past trauma in children under 10. The primary objective is... 367 subjects involved.,Full Board
Research involving interviews with incarcerated individuals about prison conditions. The primary objective is... 46 subjects involved.,Full Board
Secondary analysis of anonymized blood pressure data from a 2010 study. Participants will be asked to... 334 subjects involved.,Exempt
Clinical trial testing a new pharmaceutical drug for hypertension in elderly patients. Participants will be asked to... 262 subjects involved.,Full Board
Observation of public behavior in a city park without any identifiers recorded. Data will be collected via... 122 subjects involved.,Exempt
"Focus groups regarding sensitive personal experiences, but with minimal risk of harm. The primary objective is... 280 subjects involved.",Expedited
Study using non-invasive heart rate monitors during light treadmill exercise. Participants will be asked to... 338 subjects involved.,Expedited
Clinical trial testing a new pharmaceutical drug for hypertension in elderly patients. The primary objective is... 123 subjects involved.,Full Board
Evaluating a high-risk surgical procedure for spinal cord injury reconstruction. This study aims to... 231 subjects involved.,Full Board
Surveying active drug users about illegal activities with identifiable data collection. This study aims to... 41 subjects involved.,Full Board
Collection of saliva samples from healthy adults to measure cortisol levels. This study aims to... 240 subjects involved.,Expedited
Interviews with teachers about stress levels where names are linked to responses. The primary objective is... 338 subjects involved.,Expedited
Clinical trial testing a new pharmaceutical drug for hypertension in elderly patients. Data will be collected via... 371 subjects involved.,Full Board
Research involving interviews with incarcerated individuals about prison conditions. The primary objective is... 453 subjects involved.,Full Board
Secondary analysis of anonymized blood pressure data from a 2010 study. Data will be collected via... 54 subjects involved.,Exempt
Study using non-invasive heart rate monitors during light treadmill exercise. Participants will be asked to... 44 subjects involved.,Expedited
Research on individual or group behavior using recorded voice or video data. Participants will be asked to... 233 subjects involved.,Expedited
Research involving interviews with incarcerated individuals about prison conditions. This study aims to... 21 subjects involved.,Full Board
Evaluation of a new math curriculum in a standard 4th-grade classroom environment. The primary objective is... 48 subjects involved.,Exempt
Secondary analysis of anonymized blood pressure data from a 2010 study. The primary objective is... 185 subjects involved.,Exempt
Research on individual or group behavior using recorded voice or video data. Data will be collected via... 77 subjects involved.,Expedited
Research involving intentional deception of participants regarding physical safety. This study aims to... 191 subjects involved.,Full Board
Surveying active drug users about illegal activities with identifiable data collection. The primary objective is... 431 subjects involved.,Full Board
Anonymous survey regarding workplace satisfaction among corporate employees. Participants will be asked to... 474 subjects involved.,Exempt
Secondary analysis of anonymized blood pressure data from a 2010 study. Participants will be asked to... 439 subjects involved.,Exempt
Study using non-invasive heart rate monitors during light treadmill exercise. Participants will be asked to... 78 subjects involved.,Expedited
Clinical trial testing a new pharmaceutical drug for hypertension in elderly patients. Data will be collected via... 244 subjects involved.,Full Board
Study using non-invasive heart rate monitors during light treadmill exercise. Data will be collected via... 171 subjects involved.,Expedited
"Focus groups regarding sensitive personal experiences, but with minimal risk of harm. This study aims to... 138 subjects involved.",Expedited
Interviews with teachers about stress levels where names are linked to responses. The primary objective is... 283 subjects involved.,Expedited
Surveying active drug users about illegal activities with identifiable data collection. Data will be collected via... 121 subjects involved.,Full Board
Small blood draw via venipuncture from healthy non-pregnant adults. This study aims to... 141 subjects involved.,Expedited
Research on individual or group behavior using recorded voice or video data. Data will be collected via... 356 subjects involved.,Expedited
Analysis of existing public datasets regarding census information. This study aims to... 126 subjects involved.,Exempt
Anonymous survey regarding workplace satisfaction among corporate employees. Participants will be asked to... 456 subjects involved.,Exempt
Retrospective review of de-identified medical records for frequency of flu symptoms. The primary objective is... 211 subjects involved.,Exempt
Observation of public behavior in a city park without any identifiers recorded. The primary objective is... 337 subjects involved.,Exempt
Study on the psychological impact of past trauma in children under 10. The primary objective is... 63 subjects involved.,Full Board
Research on individual or group behavior using recorded voice or video data. Participants will be asked to... 66 subjects involved.,Expedited
Surveying active drug users about illegal activities with identifiable data collection. Data will be collected via... 16 subjects involved.,Full Board
Anonymous survey regarding workplace satisfaction among corporate employees. Participants will be asked to... 387 subjects involved.,Exempt
Surveying active drug users about illegal activities with identifiable data collection. The primary objective is... 400 subjects involved.,Full Board
Clinical trial testing a new pharmaceutical drug for hypertension in elderly patients. Data will be collected via... 109 subjects involved.,Full Board
Observation of public behavior in a city park without any identifiers recorded. This study aims to... 78 subjects involved.,Exempt
Clinical trial testing a new pharmaceutical drug for hypertension in elderly patients. This study aims to... 409 subjects involved.,Full Board
Collection of saliva samples from healthy adults to measure cortisol levels. This study aims to... 248 subjects involved.,Expedited
Evaluating a high-risk surgical procedure for spinal cord injury reconstruction. The primary objective is... 365 subjects involved.,Full Board
Study on the psychological impact of past trauma in children under 10. Data will be collected via... 306 subjects involved.,Full Board
Interviews with teachers about stress levels where names are linked to responses. Participants will be asked to... 403 subjects involved.,Expedited
Small blood draw via venipuncture from healthy non-pregnant adults. Participants will be asked to... 436 subjects involved.,Expedited
"Focus groups regarding sensitive personal experiences, but with minimal risk of harm. This study aims to... 251 subjects involved.",Expedited
Secondary analysis of anonymized blood pressure data from a 2010 study. Participants will be asked to... 467 subjects involved.,Exempt
Evaluating a high-risk surgical procedure for spinal cord injury reconstruction. This study aims to... 269 subjects involved.,Full Board
Research involving intentional deception of participants regarding physical safety. This study aims to... 192 subjects involved.,Full Board
Observation of public behavior in a city park without any identifiers recorded. Data will be collected via... 144 subjects involved.,Exempt
Evaluation of a new math curriculum in a standard 4th-grade classroom environment. Data will be collected via... 393 subjects involved.,Exempt
Interviews with teachers about stress levels where names are linked to responses. This study aims to... 350 subjects involved.,Expedited
Anonymous survey regarding workplace satisfaction among corporate employees. The primary objective is... 259 subjects involved.,Exempt
Interviews with teachers about stress levels where names are linked to responses. This study aims to... 42 subjects involved.,Expedited
Anonymous survey regarding workplace satisfaction among corporate employees. Participants will be asked to... 67 subjects involved.,Exempt
Research involving interviews with incarcerated individuals about prison conditions. The primary objective is... 308 subjects involved.,Full Board
Collection of saliva samples from healthy adults to measure cortisol levels. The primary objective is... 250 subjects involved.,Expedited
Study using non-invasive heart rate monitors during light treadmill exercise. The primary objective is... 363 subjects involved.,Expedited
Interviews with teachers about stress levels where names are linked to responses. Data will be collected via... 403 subjects involved.,Expedited
Clinical trial testing a new pharmaceutical drug for hypertension in elderly patients. The primary objective is... 270 subjects involved.,Full Board
Evaluating a high-risk surgical procedure for spinal cord injury reconstruction. Data will be collected via... 323 subjects involved.,Full Board
Collection of saliva samples from healthy adults to measure cortisol levels. Data will be collected via... 419 subjects involved.,Expedited
Small blood draw via venipuncture from healthy non-pregnant adults. This study aims to... 21 subjects involved.,Expedited
Observation of public behavior in a city park without any identifiers recorded. Participants will be asked to... 95 subjects involved.,Exempt
Surveying active drug users about illegal activities with identifiable data collection. The primary objective is... 222 subjects involved.,Full Board
Small blood draw via venipuncture from healthy non-pregnant adults. Participants will be asked to... 440 subjects involved.,Expedited
Clinical trial testing a new pharmaceutical drug for hypertension in elderly patients. Participants will be asked to... 399 subjects involved.,Full Board
Small blood draw via venipuncture from healthy non-pregnant adults. Data will be collected via... 90 subjects involved.,Expedited
Interviews with teachers about stress levels where names are linked to responses. This study aims to... 66 subjects involved.,Expedited
Small blood draw via venipuncture from healthy non-pregnant adults. Data will be collected via... 299 subjects involved.,Expedited
Small blood draw via venipuncture from healthy non-pregnant adults. This study aims to... 475 subjects involved.,Expedited
Surveying active drug users about illegal activities with identifiable data collection. The primary objective is... 486 subjects involved.,Full Board
Small blood draw via venipuncture from healthy non-pregnant adults. The primary objective is... 16 subjects involved.,Expedited
Evaluation of a new math curriculum in a standard 4th-grade classroom environment. This study aims to... 87 subjects involved.,Exempt
Surveying active drug users about illegal activities with identifiable data collection. Data will be collected via... 337 subjects involved.,Full Board
Anonymous survey regarding workplace satisfaction among corporate employees. This study aims to... 178 subjects involved.,Exempt
Surveying active drug users about illegal activities with identifiable data collection. This study aims to... 320 subjects involved.,Full Board
Study on the psychological impact of past trauma in children under 10. Participants will be asked to... 351 subjects involved.,Full Board
Collection of saliva samples from healthy adults to measure cortisol levels. Data will be collected via... 291 subjects involved.,Expedited
Secondary analysis of anonymized blood pressure data from a 2010 study. Participants will be asked to... 374 subjects involved.,Exempt
Analysis of existing public datasets regarding census information. This study aims to... 300 subjects involved.,Exempt
Small blood draw via venipuncture from healthy non-pregnant adults. The primary objective is... 163 subjects involved.,Expedited
Clinical trial testing a new pharmaceutical drug for hypertension in elderly patients. Participants will be asked to... 171 subjects involved.,Full Board
Interviews with teachers about stress levels where names are linked to responses. Data will be collected via... 279 subjects involved.,Expedited
Evaluating a high-risk surgical procedure for spinal cord injury reconstruction. Participants will be asked to... 44 subjects involved.,Full Board
Clinical trial testing a new pharmaceutical drug for hypertension in elderly patients. Participants will be asked to... 453 subjects involved.,Full Board
Surveying active drug users about illegal activities with identifiable data collection. This study aims to... 201 subjects involved.,Full Board
Anonymous survey regarding workplace satisfaction among corporate employees. Participants will be asked to... 199 subjects involved.,Exempt
Evaluation of a new math curriculum in a standard 4th-grade classroom environment. The primary objective is... 471 subjects involved.,Exempt
Retrospective review of de-identified medical records for frequency of flu symptoms. Participants will be asked to... 399 subjects involved.,Exempt
Analysis of existing public datasets regarding census information. The primary objective is... 302 subjects involved.,Exempt
Retrospective review of de-identified medical records for frequency of flu symptoms. This study aims to... 67 subjects involved.,Exempt
Research on individual or group behavior using recorded voice or video data. This study aims to... 327 subjects involved.,Expedited
Evaluation of a new math curriculum in a standard 4th-grade classroom environment. Data will be collected via... 43 subjects involved.,Exempt
Interviews with teachers about stress levels where names are linked to responses. Participants will be asked to... 334 subjects involved.,Expedited
Study using non-invasive heart rate monitors during light treadmill exercise. Data will be collected via... 250 subjects involved.,Expedited
Research involving interviews with incarcerated individuals about prison conditions. This study aims to... 218 subjects involved.,Full Board
Analysis of existing public datasets regarding census information. This study aims to... 412 subjects involved.,Exempt
Retrospective review of de-identified medical records for frequency of flu symptoms. This study aims to... 329 subjects involved.,Exempt
Evaluating a high-risk surgical procedure for spinal cord injury reconstruction. This study aims to... 150 subjects involved.,Full Board
Research involving intentional deception of participants regarding physical safety. Participants will be asked to... 237 subjects involved.,Full Board
"Focus groups regarding sensitive personal experiences, but with minimal risk of harm. Participants will be asked to... 311 subjects involved.",Expedited
Research involving interviews with incarcerated individuals about prison conditions. The primary objective is... 156 subjects involved.,Full Board
"Focus groups regarding sensitive personal experiences, but with minimal risk of harm. This study aims to... 222 subjects involved.",Expedited
Interviews with teachers about stress levels where names are linked to responses. This study aims to... 428 subjects involved.,Expedited
Collection of saliva samples from healthy adults to measure cortisol levels. The primary objective is... 162 subjects involved.,Expedited
Anonymous survey regarding workplace satisfaction among corporate employees. Participants will be asked to... 65 subjects involved.,Exempt
Research involving intentional deception of participants regarding physical safety. This study aims to... 441 subjects involved.,Full Board
Secondary analysis of anonymized blood pressure data from a 2010 study. This study aims to... 295 subjects involved.,Exempt
Interviews with teachers about stress levels where names are linked to responses. This study aims to... 423 subjects involved.,Expedited
Small blood draw via venipuncture from healthy non-pregnant adults. This study aims to... 363 subjects involved.,Expedited
Study using non-invasive heart rate monitors during light treadmill exercise. Participants will be asked to... 487 subjects involved.,Expedited
Clinical trial testing a new pharmaceutical drug for hypertension in elderly patients. The primary objective is... 418 subjects involved.,Full Board
Research on individual or group behavior using recorded voice or video data. Participants will be asked to... 490 subjects involved.,Expedited
Observation of public behavior in a city park without any identifiers recorded. The primary objective is... 66 subjects involved.,Exempt
Research on individual or group behavior using recorded voice or video data. This study aims to... 43 subjects involved.,Expedited
Evaluating a high-risk surgical procedure for spinal cord injury reconstruction. This study aims to... 395 subjects involved.,Full Board
Retrospective review of de-identified medical records for frequency of flu symptoms. Participants will be asked to... 373 subjects involved.,Exempt
Retrospective review of de-identified medical records for frequency of flu symptoms. Participants will be asked to... 435 subjects involved.,Exempt
Collection of saliva samples from healthy adults to measure cortisol levels. Participants will be asked to... 33 subjects involved.,Expedited
Secondary analysis of anonymized blood pressure data from a 2010 study. This study aims to... 96 subjects involved.,Exempt
Secondary analysis of anonymized blood pressure data from a 2010 study. Participants will be asked to... 338 subjects involved.,Exempt
Collection of saliva samples from healthy adults to measure cortisol levels. Data will be collected via... 312 subjects involved.,Expedited
Clinical trial testing a new pharmaceutical drug for hypertension in elderly patients. Participants will be asked to... 189 subjects involved.,Full Board
Evaluating a high-risk surgical procedure for spinal cord injury reconstruction. This study aims to... 402 subjects involved.,Full Board
Interviews with teachers about stress levels where names are linked to responses. The primary objective is... 398 subjects involved.,Expedited
Interviews with teachers about stress levels where names are linked to responses. Data will be collected via... 432 subjects involved.,Expedited
Analysis of existing public datasets regarding census information. This study aims to... 379 subjects involved.,Exempt
Anonymous survey regarding workplace satisfaction among corporate employees. This study aims to... 486 subjects involved.,Exempt
Evaluation of a new math curriculum in a standard 4th-grade classroom environment. The primary objective is... 215 subjects involved.,Exempt
Anonymous survey regarding workplace satisfaction among corporate employees. The primary objective is... 182 subjects involved.,Exempt
Collection of saliva samples from healthy adults to measure cortisol levels. Data will be collected via... 111 subjects involved.,Expedited
Retrospective review of de-identified medical records for frequency of flu symptoms. Data will be collected via... 457 subjects involved.,Exempt
Research involving intentional deception of participants regarding physical safety. Participants will be asked to... 390 subjects involved.,Full Board
Evaluation of a new math curriculum in a standard 4th-grade classroom environment. This study aims to... 388 subjects involved.,Exempt
Research involving interviews with incarcerated individuals about prison conditions. The primary objective is... 110 subjects involved.,Full Board
Secondary analysis of anonymized blood pressure data from a 2010 study. Participants will be asked to... 182 subjects involved.,Exempt
Evaluation of a new math curriculum in a standard 4th-grade classroom environment. This study aims to... 431 subjects involved.,Exempt
Analysis of existing public datasets regarding census information. Data will be collected via... 396 subjects involved.,Exempt
Surveying active drug users about illegal activities with identifiable data collection. This study aims to... 49 subjects involved.,Full Board
Analysis of existing public datasets regarding census information. This study aims to... 281 subjects involved.,Exempt
"Focus groups regarding sensitive personal experiences, but with minimal risk of harm. Data will be collected via... 233 subjects involved.",Expedited
Study on the psychological impact of past trauma in children under 10. Data will be collected via... 12 subjects involved.,Full Board
Small blood draw via venipuncture from healthy non-pregnant adults. Data will be collected via... 252 subjects involved.,Expedited
Collection of saliva samples from healthy adults to measure cortisol levels. This study aims to... 348 subjects involved.,Expedited
"Focus groups regarding sensitive personal experiences, but with minimal risk of harm. The primary objective is... 146 subjects involved.",Expedited
Small blood draw via venipuncture from healthy non-pregnant adults. This study aims to... 478 subjects involved.,Expedited
Research involving interviews with incarcerated individuals about prison conditions. Participants will be asked to... 322 subjects involved.,Full Board
Clinical trial testing a new pharmaceutical drug for hypertension in elderly patients. Data will be collected via... 82 subjects involved.,Full Board
Interviews with teachers about stress levels where names are linked to responses. This study aims to... 106 subjects involved.,Expedited
Observation of public behavior in a city park without any identifiers recorded. This study aims to... 87 subjects involved.,Exempt
Study on the psychological impact of past trauma in children under 10. Participants will be asked to... 73 subjects involved.,Full Board
Research on individual or group behavior using recorded voice or video data. Data will be collected via... 156 subjects involved.,Expedited
Analysis of existing public datasets regarding census information. Participants will be asked to... 481 subjects involved.,Exempt
Small blood draw via venipuncture from healthy non-pregnant adults. This study aims to... 416 subjects involved.,Expedited
Clinical trial testing a new pharmaceutical drug for hypertension in elderly patients. Participants will be asked to... 48 subjects involved.,Full Board
Research involving interviews with incarcerated individuals about prison conditions. Data will be collected via... 127 subjects involved.,Full Board
Clinical trial testing a new pharmaceutical drug for hypertension in elderly patients. The primary objective is... 256 subjects involved.,Full Board
Research involving interviews with incarcerated individuals about prison conditions. This study aims to... 370 subjects involved.,Full Board
Secondary analysis of anonymized blood pressure data from a 2010 study. Participants will be asked to... 230 subjects involved.,Exempt
Study using non-invasive heart rate monitors during light treadmill exercise. Participants will be asked to... 327 subjects involved.,Expedited
Observation of public behavior in a city park without any identifiers recorded. Participants will be asked to... 94 subjects involved.,Exempt
Retrospective review of de-identified medical records for frequency of flu symptoms. Data will be collected via... 151 subjects involved.,Exempt
Interviews with teachers about stress levels where names are linked to responses. Participants will be asked to... 29 subjects involved.,Expedited
Surveying active drug users about illegal activities with identifiable data collection. This study aims to... 35 subjects involved.,Full Board
Small blood draw via venipuncture from healthy non-pregnant adults. This study aims to... 394 subjects involved.,Expedited
Evaluation of a new math curriculum in a standard 4th-grade classroom environment. Participants will be asked to... 112 subjects involved.,Exempt
Collection of saliva samples from healthy adults to measure cortisol levels. The primary objective is... 155 subjects involved.,Expedited
Evaluating a high-risk surgical procedure for spinal cord injury reconstruction. Participants will be asked to... 452 subjects involved.,Full Board
Research on individual or group behavior using recorded voice or video data. Participants will be asked to... 473 subjects involved.,Expedited
Evaluation of a new math curriculum in a standard 4th-grade classroom environment. Participants will be asked to... 34 subjects involved.,Exempt
Analysis of existing public datasets regarding census information. Participants will be asked to... 418 subjects involved.,Exempt
Interviews with teachers about stress levels where names are linked to responses. Participants will be asked to... 142 subjects involved.,Expedited
Research involving interviews with incarcerated individuals about prison conditions. Data will be collected via... 415 subjects involved.,Full Board
Observation of public behavior in a city park without any identifiers recorded. The primary objective is... 377 subjects involved.,Exempt
Research involving interviews with incarcerated individuals about prison conditions. The primary objective is... 39 subjects involved.,Full Board
Interviews with teachers about stress levels where names are linked to responses. Data will be collected via... 451 subjects involved.,Expedited
"Focus groups regarding sensitive personal experiences, but with minimal risk of harm. The primary objective is... 390 subjects involved.",Expedited
Study on the psychological impact of past trauma in children under 10. The primary objective is... 403 subjects involved.,Full Board
Analysis of existing public datasets regarding census information. Participants will be asked to... 259 subjects involved.,Exempt
Small blood draw via venipuncture from healthy non-pregnant adults. This study aims to... 153 subjects involved.,Expedited
Study using non-invasive heart rate monitors during light treadmill exercise. The primary objective is... 420 subjects involved.,Expedited
Anonymous survey regarding workplace satisfaction among corporate employees. This study aims to... 153 subjects involved.,Exempt
Analysis of existing public datasets regarding census information. The primary objective is... 391 subjects involved.,Exempt
"Focus groups regarding sensitive personal experiences, but with minimal risk of harm. This study aims to... 134 subjects involved.",Expedited
Study on the psychological impact of past trauma in children under 10. Participants will be asked to... 459 subjects involved.,Full Board
Study on the psychological impact of past trauma in children under 10. This study aims to... 475 subjects involved.,Full Board
Research involving interviews with incarcerated individuals about prison conditions. Participants will be asked to... 162 subjects involved.,Full Board
Small blood draw via venipuncture from healthy non-pregnant adults. Data will be collected via... 276 subjects involved.,Expedited
Surveying active drug users about illegal activities with identifiable data collection. Data will be collected via... 129 subjects involved.,Full Board
Interviews with teachers about stress levels where names are linked to responses. Data will be collected via... 30 subjects involved.,Expedited
Research involving interviews with incarcerated individuals about prison conditions. The primary objective is... 217 subjects involved.,Full Board
"Focus groups regarding sensitive personal experiences, but with minimal risk of harm. The primary objective is... 166 subjects involved.",Expedited
Study using non-invasive heart rate monitors during light treadmill exercise. Participants will be asked to... 187 subjects involved.,Expedited
Evaluation of a new math curriculum in a standard 4th-grade classroom environment. Data will be collected via... 411 subjects involved.,Exempt
Surveying active drug users about illegal activities with identifiable data collection. Data will be collected via... 372 subjects involved.,Full Board
Retrospective review of de-identified medical records for frequency of flu symptoms. The primary objective is... 198 subjects involved.,Exempt
Research involving intentional deception of participants regarding physical safety. Data will be collected via... 90 subjects involved.,Full Board
Research on individual or group behavior using recorded voice or video data. Participants will be asked to... 328 subjects involved.,Expedited
Study on the psychological impact of past trauma in children under 10. Participants will be asked to... 341 subjects involved.,Full Board
Anonymous survey regarding workplace satisfaction among corporate employees. This study aims to... 127 subjects involved.,Exempt
Evaluating a high-risk surgical procedure for spinal cord injury reconstruction. Data will be collected via... 232 subjects involved.,Full Board
Analysis of existing public datasets regarding census information. Data will be collected via... 209 subjects involved.,Exempt
Study using non-invasive heart rate monitors during light treadmill exercise. Data will be collected via... 479 subjects involved.,Expedited
Clinical trial testing a new pharmaceutical drug for hypertension in elderly patients. The primary objective is... 271 subjects involved.,Full Board
Analysis of existing public datasets regarding census information. This study aims to... 349 subjects involved.,Exempt
Research on individual or group behavior using recorded voice or video data. Participants will be asked to... 328 subjects involved.,Expedited
Clinical trial testing a new pharmaceutical drug for hypertension in elderly patients. This study aims to... 88 subjects involved.,Full Board
Research on individual or group behavior using recorded voice or video data. Participants will be asked to... 342 subjects involved.,Expedited
Research on individual or group behavior using recorded voice or video data. This study aims to... 367 subjects involved.,Expedited
Study using non-invasive heart rate monitors during light treadmill exercise. The primary objective is... 145 subjects involved.,Expedited
Analysis of existing public datasets regarding census information. This study aims to... 154 subjects involved.,Exempt
Study using non-invasive heart rate monitors during light treadmill exercise. The primary objective is... 283 subjects involved.,Expedited
Analysis of existing public datasets regarding census information. Participants will be asked to... 154 subjects involved.,Exempt
"Focus groups regarding sensitive personal experiences, but with minimal risk of harm. This study aims to... 487 subjects involved.",Expedited
Surveying active drug users about illegal activities with identifiable data collection. Participants will be asked to... 451 subjects involved.,Full Board
Interviews with teachers about stress levels where names are linked to responses. Participants will be asked to... 439 subjects involved.,Expedited
Study using non-invasive heart rate monitors during light treadmill exercise. Participants will be asked to... 318 subjects involved.,Expedited
Research on individual or group behavior using recorded voice or video data. Data will be collected via... 404 subjects involved.,Expedited
Anonymous survey regarding workplace satisfaction among corporate employees. Participants will be asked to... 10 subjects involved.,Exempt
Surveying active drug users about illegal activities with identifiable data collection. This study aims to... 441 subjects involved.,Full Board
Clinical trial testing a new pharmaceutical drug for hypertension in elderly patients. This study aims to... 136 subjects involved.,Full Board
Research involving interviews with incarcerated individuals about prison conditions. This study aims to... 432 subjects involved.,Full Board
Study using non-invasive heart rate monitors during light treadmill exercise. Data will be collected via... 34 subjects involved.,Expedited
Clinical trial testing a new pharmaceutical drug for hypertension in elderly patients. Participants will be asked to... 117 subjects involved.,Full Board
Secondary analysis of anonymized blood pressure data from a 2010 study. Participants will be asked to... 30 subjects involved.,Exempt
Observation of public behavior in a city park without any identifiers recorded. The primary objective is... 286 subjects involved.,Exempt
Study using non-invasive heart rate monitors during light treadmill exercise. Participants will be asked to... 47 subjects involved.,Expedited
Secondary analysis of anonymized blood pressure data from a 2010 study. Data will be collected via... 71 subjects involved.,Exempt
Study using non-invasive heart rate monitors during light treadmill exercise. Data will be collected via... 347 subjects involved.,Expedited
Small blood draw via venipuncture from healthy non-pregnant adults. Participants will be asked to... 364 subjects involved.,Expedited
Small blood draw via venipuncture from healthy non-pregnant adults. Participants will be asked to... 270 subjects involved.,Expedited
Evaluation of a new math curriculum in a standard 4th-grade classroom environment. This study aims to... 478 subjects involved.,Exempt
"Focus groups regarding sensitive personal experiences, but with minimal risk of harm. Participants will be asked to... 128 subjects involved.",Expedited
Research involving intentional deception of participants regarding physical safety. Participants will be asked to... 486 subjects involved.,Full Board
Anonymous survey regarding workplace satisfaction among corporate employees. Participants will be asked to... 172 subjects involved.,Exempt
Evaluating a high-risk surgical procedure for spinal cord injury reconstruction. Participants will be asked to... 445 subjects involved.,Full Board
Observation of public behavior in a city park without any identifiers recorded. Participants will be asked to... 298 subjects involved.,Exempt
Interviews with teachers about stress levels where names are linked to responses. The primary objective is... 365 subjects involved.,Expedited
Interviews with teachers about stress levels where names are linked to responses. Data will be collected via... 470 subjects involved.,Expedited
Retrospective review of de-identified medical records for frequency of flu symptoms. Participants will be asked to... 236 subjects involved.,Exempt
Study on the psychological impact of past trauma in children under 10. This study aims to... 455 subjects involved.,Full Board
Anonymous survey regarding workplace satisfaction among corporate employees. Data will be collected via... 417 subjects involved.,Exempt
Observation of public behavior in a city park without any identifiers recorded. Participants will be asked to... 188 subjects involved.,Exempt
Clinical trial testing a new pharmaceutical drug for hypertension in elderly patients. Data will be collected via... 377 subjects involved.,Full Board
Study using non-invasive heart rate monitors during light treadmill exercise. Data will be collected via... 178 subjects involved.,Expedited
Study using non-invasive heart rate monitors during light treadmill exercise. Participants will be asked to... 225 subjects involved.,Expedited
Research involving interviews with incarcerated individuals about prison conditions. The primary objective is... 128 subjects involved.,Full Board
Collection of saliva samples from healthy adults to measure cortisol levels. Participants will be asked to... 208 subjects involved.,Expedited
Analysis of existing public datasets regarding census information. The primary objective is... 399 subjects involved.,Exempt
Evaluating a high-risk surgical procedure for spinal cord injury reconstruction. The primary objective is... 492 subjects involved.,Full Board
Secondary analysis of anonymized blood pressure data from a 2010 study. This study aims to... 19 subjects involved.,Exempt
Research on individual or group behavior using recorded voice or video data. Data will be collected via... 435 subjects involved.,Expedited
Anonymous survey regarding workplace satisfaction among corporate employees. Data will be collected via... 198 subjects involved.,Exempt
Secondary analysis of anonymized blood pressure data from a 2010 study. The primary objective is... 434 subjects involved.,Exempt
Clinical trial testing a new pharmaceutical drug for hypertension in elderly patients. This study aims to... 427 subjects involved.,Full Board
Observation of public behavior in a city park without any identifiers recorded. Participants will be asked to... 416 subjects involved.,Exempt
Evaluation of a new math curriculum in a standard 4th-grade classroom environment. Participants will be asked to... 318 subjects involved.,Exempt
Research on individual or group behavior using recorded voice or video data. Participants will be asked to... 392 subjects involved.,Expedited
Anonymous survey regarding workplace satisfaction among corporate employees. The primary objective is... 50 subjects involved.,Exempt
Study on the psychological impact of past trauma in children under 10. Participants will be asked to... 340 subjects involved.,Full Board
Study on the psychological impact of past trauma in children under 10. Participants will be asked to... 212 subjects involved.,Full Board
Research on individual or group behavior using recorded voice or video data. Data will be collected via... 409 subjects involved.,Expedited
"Focus groups regarding sensitive personal experiences, but with minimal risk of harm. This study aims to... 347 subjects involved.",Expedited
Collection of saliva samples from healthy adults to measure cortisol levels. The primary objective is... 43 subjects involved.,Expedited
Evaluation of a new math curriculum in a standard 4th-grade classroom environment. This study aims to... 164 subjects involved.,Exempt
Evaluating a high-risk surgical procedure for spinal cord injury reconstruction. Participants will be asked to... 335 subjects involved.,Full Board
Analysis of existing public datasets regarding census information. Participants will be asked to... 423 subjects involved.,Exempt
Study using non-invasive heart rate monitors during light treadmill exercise. Participants will be asked to... 265 subjects involved.,Expedited
Study on the psychological impact of past trauma in children under 10. Data will be collected via... 186 subjects involved.,Full Board
Collection of saliva samples from healthy adults to measure cortisol levels. The primary objective is... 317 subjects involved.,Expedited
Collection of saliva samples from healthy adults to measure cortisol levels. The primary objective is... 484 subjects involved.,Expedited
Research on individual or group behavior using recorded voice or video data. Data will be collected via... 237 subjects involved.,Expedited
Anonymous survey regarding workplace satisfaction among corporate employees. Data will be collected via... 292 subjects involved.,Exempt
Small blood draw via venipuncture from healthy non-pregnant adults. Participants will be asked to... 276 subjects involved.,Expedited
Observation of public behavior in a city park without any identifiers recorded. The primary objective is... 340 subjects involved.,Exempt
Analysis of existing public datasets regarding census information. Data will be collected via... 113 subjects involved.,Exempt
Analysis of existing public datasets regarding census information. Data will be collected via... 151 subjects involved.,Exempt
"Focus groups regarding sensitive personal experiences, but with minimal risk of harm. Participants will be asked to... 260 subjects involved.",Expedited
Research involving intentional deception of participants regarding physical safety. This study aims to... 161 subjects involved.,Full Board
Surveying active drug users about illegal activities with identifiable data collection. Data will be collected via... 457 subjects involved.,Full Board
Small blood draw via venipuncture from healthy non-pregnant adults. The primary objective is... 195 subjects involved.,Expedited
Anonymous survey regarding workplace satisfaction among corporate employees. Participants will be asked to... 314 subjects involved.,Exempt
Evaluation of a new math curriculum in a standard 4th-grade classroom environment. The primary objective is... 110 subjects involved.,Exempt
Evaluation of a new math curriculum in a standard 4th-grade classroom environment. Data will be collected via... 454 subjects involved.,Exempt
Evaluation of a new math curriculum in a standard 4th-grade classroom environment. Participants will be asked to... 115 subjects involved.,Exempt
Small blood draw via venipuncture from healthy non-pregnant adults. This study aims to... 309 subjects involved.,Expedited
Interviews with teachers about stress levels where names are linked to responses. The primary objective is... 93 subjects involved.,Expedited
Study on the psychological impact of past trauma in children under 10. The primary objective is... 195 subjects involved.,Full Board
Surveying active drug users about illegal activities with identifiable data collection. Participants will be asked to... 356 subjects involved.,Full Board
Research involving interviews with incarcerated individuals about prison conditions. The primary objective is... 197 subjects involved.,Full Board
Retrospective review of de-identified medical records for frequency of flu symptoms. This study aims to... 185 subjects involved.,Exempt
"Focus groups regarding sensitive personal experiences, but with minimal risk of harm. The primary objective is... 218 subjects involved.",Expedited
Secondary analysis of anonymized blood pressure data from a 2010 study. Participants will be asked to... 346 subjects involved.,Exempt
Small blood draw via venipuncture from healthy non-pregnant adults. The primary objective is... 46 subjects involved.,Expedited
Evaluation of a new math curriculum in a standard 4th-grade classroom environment. Participants will be asked to... 356 subjects involved.,Exempt
Retrospective review of de-identified medical records for frequency of flu symptoms. This study aims to... 461 subjects involved.,Exempt
Collection of saliva samples from healthy adults to measure cortisol levels. Participants will be asked to... 22 subjects involved.,Expedited
Retrospective review of de-identified medical records for frequency of flu symptoms. The primary objective is... 224 subjects involved.,Exempt
Evaluating a high-risk surgical procedure for spinal cord injury reconstruction. This study aims to... 292 subjects involved.,Full Board
Research involving interviews with incarcerated individuals about prison conditions. This study aims to... 244 subjects involved.,Full Board
Interviews with teachers about stress levels where names are linked to responses. The primary objective is... 227 subjects involved.,Expedited
Small blood draw via venipuncture from healthy non-pregnant adults. Participants will be asked to... 262 subjects involved.,Expedited
Clinical trial testing a new pharmaceutical drug for hypertension in elderly patients. The primary objective is... 290 subjects involved.,Full Board
Collection of saliva samples from healthy adults to measure cortisol levels. The primary objective is... 238 subjects involved.,Expedited
Study using non-invasive heart rate monitors during light treadmill exercise. Data will be collected via... 293 subjects involved.,Expedited
Clinical trial testing a new pharmaceutical drug for hypertension in elderly patients. Participants will be asked to... 314 subjects involved.,Full Board
Analysis of existing public datasets regarding census information. The primary objective is... 301 subjects involved.,Exempt
Collection of saliva samples from healthy adults to measure cortisol levels. This study aims to... 72 subjects involved.,Expedited
Analysis of existing public datasets regarding census information. The primary objective is... 368 subjects involved.,Exempt
Collection of saliva samples from healthy adults to measure cortisol levels. Participants will be asked to... 425 subjects involved.,Expedited
Study using non-invasive heart rate monitors during light treadmill exercise. Participants will be asked to... 358 subjects involved.,Expedited
Evaluating a high-risk surgical procedure for spinal cord injury reconstruction. This study aims to... 488 subjects involved.,Full Board
Interviews with teachers about stress levels where names are linked to responses. The primary objective is... 364 subjects involved.,Expedited
Study using non-invasive heart rate monitors during light treadmill exercise. Data will be collected via... 397 subjects involved.,Expedited
Small blood draw via venipuncture from healthy non-pregnant adults. Data will be collected via... 391 subjects involved.,Expedited
Study using non-invasive heart rate monitors during light treadmill exercise. Participants will be asked to... 492 subjects involved.,Expedited
Research on individual or group behavior using recorded voice or video data. Data will be collected via... 468 subjects involved.,Expedited
Research on individual or group behavior using recorded voice or video data. Data will be collected via... 36 subjects involved.,Expedited
"Focus groups regarding sensitive personal experiences, but with minimal risk of harm. Data will be collected via... 57 subjects involved.",Expedited
Small blood draw via venipuncture from healthy non-pregnant adults. This study aims to... 313 subjects involved.,Expedited
Research on individual or group behavior using recorded voice or video data. Participants will be asked to... 73 subjects involved.,Expedited
Evaluation of a new math curriculum in a standard 4th-grade classroom environment. The primary objective is... 41 subjects involved.,Exempt
Study using non-invasive heart rate monitors during light treadmill exercise. This study aims to... 20 subjects involved.,Expedited
Study on the psychological impact of past trauma in children under 10. The primary objective is... 66 subjects involved.,Full Board
Study using non-invasive heart rate monitors during light treadmill exercise. Data will be collected via... 186 subjects involved.,Expedited
Anonymous survey regarding workplace satisfaction among corporate employees. The primary objective is... 250 subjects involved.,Exempt
Analysis of existing public datasets regarding census information. Participants will be asked to... 92 subjects involved.,Exempt
Surveying active drug users about illegal activities with identifiable data collection. The primary objective is... 11 subjects involved.,Full Board
Retrospective review of de-identified medical records for frequency of flu symptoms. Participants will be asked to... 67 subjects involved.,Exempt
Research on individual or group behavior using recorded voice or video data. Participants will be asked to... 369 subjects involved.,Expedited
Research involving interviews with incarcerated individuals about prison conditions. This study aims to... 169 subjects involved.,Full Board
Secondary analysis of anonymized blood pressure data from a 2010 study. Participants will be asked to... 63 subjects involved.,Exempt
Surveying active drug users about illegal activities with identifiable data collection. Participants will be asked to... 375 subjects involved.,Full Board
Evaluating a high-risk surgical procedure for spinal cord injury reconstruction. The primary objective is... 472 subjects involved.,Full Board
Research on individual or group behavior using recorded voice or video data. The primary objective is... 16 subjects involved.,Expedited
Evaluating a high-risk surgical procedure for spinal cord injury reconstruction. This study aims to... 138 subjects involved.,Full Board
Retrospective review of de-identified medical records for frequency of flu symptoms. Participants will be asked to... 329 subjects involved.,Exempt
Interviews with teachers about stress levels where names are linked to responses. Participants will be asked to... 45 subjects involved.,Expedited
Evaluation of a new math curriculum in a standard 4th-grade classroom environment. Data will be collected via... 400 subjects involved.,Exempt
Evaluation of a new math curriculum in a standard 4th-grade classroom environment. This study aims to... 481 subjects involved.,Exempt
Small blood draw via venipuncture from healthy non-pregnant adults. This study aims to... 225 subjects involved.,Expedited
Secondary analysis of anonymized blood pressure data from a 2010 study. The primary objective is... 423 subjects involved.,Exempt
Research involving intentional deception of participants regarding physical safety. Participants will be asked to... 130 subjects involved.,Full Board
Observation of public behavior in a city park without any identifiers recorded. Data will be collected via... 50 subjects involved.,Exempt
Retrospective review of de-identified medical records for frequency of flu symptoms. Data will be collected via... 360 subjects involved.,Exempt
Small blood draw via venipuncture from healthy non-pregnant adults. Participants will be asked to... 333 subjects involved.,Expedited
Study using non-invasive heart rate monitors during light treadmill exercise. Participants will be asked to... 63 subjects involved.,Expedited
Analysis of existing public datasets regarding census information. Data will be collected via... 181 subjects involved.,Exempt
Small blood draw via venipuncture from healthy non-pregnant adults. The primary objective is... 147 subjects involved.,Expedited
Interviews with teachers about stress levels where names are linked to responses. The primary objective is... 327 subjects involved.,Expedited
Evaluation of a new math curriculum in a standard 4th-grade classroom environment. Data will be collected via... 279 subjects involved.,Exempt
Study using non-invasive heart rate monitors during light treadmill exercise. Data will be collected via... 169 subjects involved.,Expedited
Study using non-invasive heart rate monitors during light treadmill exercise. Data will be collected via... 207 subjects involved.,Expedited
Research involving intentional deception of participants regarding physical safety. Participants will be asked to... 12 subjects involved.,Full Board
Secondary analysis of anonymized blood pressure data from a 2010 study. Data will be collected via... 490 subjects involved.,Exempt
Evaluation of a new math curriculum in a standard 4th-grade classroom environment. This study aims to... 477 subjects involved.,Exempt
Evaluation of a new math curriculum in a standard 4th-grade classroom environment. This study aims to... 98 subjects involved.,Exempt
Study on the psychological impact of past trauma in children under 10. Participants will be asked to... 249 subjects involved.,Full Board
Anonymous survey regarding workplace satisfaction among corporate employees. Data will be collected via... 48 subjects involved.,Exempt
Small blood draw via venipuncture from healthy non-pregnant adults. This study aims to... 197 subjects involved.,Expedited
Clinical trial testing a new pharmaceutical drug for hypertension in elderly patients. Data will be collected via... 380 subjects involved.,Full Board
Collection of saliva samples from healthy adults to measure cortisol levels. This study aims to... 488 subjects involved.,Expedited
Collection of saliva samples from healthy adults to measure cortisol levels. Data will be collected via... 195 subjects involved.,Expedited
Study on the psychological impact of past trauma in children under 10. Data will be collected via... 32 subjects involved.,Full Board
Secondary analysis of anonymized blood pressure data from a 2010 study. This study aims to... 479 subjects involved.,Exempt
"Focus groups regarding sensitive personal experiences, but with minimal risk of harm. The primary objective is... 361 subjects involved.",Expedited
Study on the psychological impact of past trauma in children under 10. The primary objective is... 245 subjects involved.,Full Board
Clinical trial testing a new pharmaceutical drug for hypertension in elderly patients. Participants will be asked to... 415 subjects involved.,Full Board
Clinical trial testing a new pharmaceutical drug for hypertension in elderly patients. This study aims to... 228 subjects involved.,Full Board
Evaluation of a new math curriculum in a standard 4th-grade classroom environment. This study aims to... 436 subjects involved.,Exempt
Research involving intentional deception of participants regarding physical safety. Participants will be asked to... 281 subjects involved.,Full Board
Collection of saliva samples from healthy adults to measure cortisol levels. The primary objective is... 139 subjects involved.,Expedited
Secondary analysis of anonymized blood pressure data from a 2010 study. The primary objective is... 239 subjects involved.,Exempt
Interviews with teachers about stress levels where names are linked to responses. Participants will be asked to... 301 subjects involved.,Expedited
Observation of public behavior in a city park without any identifiers recorded. Data will be collected via... 318 subjects involved.,Exempt
Evaluating a high-risk surgical procedure for spinal cord injury reconstruction. Data will be collected via... 425 subjects involved.,Full Board
Anonymous survey regarding workplace satisfaction among corporate employees. This study aims to... 31 subjects involved.,Exempt
Collection of saliva samples from healthy adults to measure cortisol levels. Participants will be asked to... 298 subjects involved.,Expedited
Collection of saliva samples from healthy adults to measure cortisol levels. The primary objective is... 116 subjects involved.,Expedited
Interviews with teachers about stress levels where names are linked to responses. The primary objective is... 60 subjects involved.,Expedited
Evaluating a high-risk surgical procedure for spinal cord injury reconstruction. The primary objective is... 142 subjects involved.,Full Board
Evaluating a high-risk surgical procedure for spinal cord injury reconstruction. The primary objective is... 283 subjects involved.,Full Board
"Focus groups regarding sensitive personal experiences, but with minimal risk of harm. This study aims to... 61 subjects involved.",Expedited
"Focus groups regarding sensitive personal experiences, but with minimal risk of harm. Participants will be asked to... 231 subjects involved.",Expedited
Secondary analysis of anonymized blood pressure data from a 2010 study. This study aims to... 331 subjects involved.,Exempt
Analysis of existing public datasets regarding census information. Participants will be asked to... 472 subjects involved.,Exempt
Secondary analysis of anonymized blood pressure data from a 2010 study. Data will be collected via... 61 subjects involved.,Exempt
Observation of public behavior in a city park without any identifiers recorded. The primary objective is... 87 subjects involved.,Exempt
Research involving intentional deception of participants regarding physical safety. Data will be collected via... 187 subjects involved.,Full Board
Research involving intentional deception of participants regarding physical safety. Data will be collected via... 57 subjects involved.,Full Board
Study using non-invasive heart rate monitors during light treadmill exercise. Participants will be asked to... 115 subjects involved.,Expedited
Study on the psychological impact of past trauma in children under 10. The primary objective is... 178 subjects involved.,Full Board
Secondary analysis of anonymized blood pressure data from a 2010 study. Participants will be asked to... 476 subjects involved.,Exempt
Anonymous survey regarding workplace satisfaction among corporate employees. The primary objective is... 492 subjects involved.,Exempt
Interviews with teachers about stress levels where names are linked to responses. This study aims to... 398 subjects involved.,Expedited
Interviews with teachers about stress levels where names are linked to responses. This study aims to... 253 subjects involved.,Expedited
Research involving interviews with incarcerated individuals about prison conditions. Data will be collected via... 371 subjects involved.,Full Board
Secondary analysis of anonymized blood pressure data from a 2010 study. The primary objective is... 435 subjects involved.,Exempt
Evaluating a high-risk surgical procedure for spinal cord injury reconstruction. Data will be collected via... 130 subjects involved.,Full Board
Analysis of existing public datasets regarding census information. This study aims to... 229 subjects involved.,Exempt
"Focus groups regarding sensitive personal experiences, but with minimal risk of harm. The primary objective is... 450 subjects involved.",Expedited
Anonymous survey regarding workplace satisfaction among corporate employees. This study aims to... 399 subjects involved.,Exempt
Clinical trial testing a new pharmaceutical drug for hypertension in elderly patients. The primary objective is... 168 subjects involved.,Full Board
Research on individual or group behavior using recorded voice or video data. This study aims to... 412 subjects involved.,Expedited
Small blood draw via venipuncture from healthy non-pregnant adults. Participants will be asked to... 18 subjects involved.,Expedited
Interviews with teachers about stress levels where names are linked to responses. This study aims to... 453 subjects involved.,Expedited
Clinical trial testing a new pharmaceutical drug for hypertension in elderly patients. Participants will be asked to... 74 subjects involved.,Full Board
Analysis of existing public datasets regarding census information. Participants will be asked to... 345 subjects involved.,Exempt
Retrospective review of de-identified medical records for frequency of flu symptoms. Participants will be asked to... 315 subjects involved.,Exempt
Study on the psychological impact of past trauma in children under 10. The primary objective is... 270 subjects involved.,Full Board
Clinical trial testing a new pharmaceutical drug for hypertension in elderly patients. Participants will be asked to... 242 subjects involved.,Full Board
Anonymous survey regarding workplace satisfaction among corporate employees. Participants will be asked to... 378 subjects involved.,Exempt
Study on the psychological impact of past trauma in children under 10. Participants will be asked to... 231 subjects involved.,Full Board
Analysis of existing public datasets regarding census information. Participants will be asked to... 320 subjects involved.,Exempt
Study on the psychological impact of past trauma in children under 10. Participants will be asked to... 280 subjects involved.,Full Board
Collection of saliva samples from healthy adults to measure cortisol levels. This study aims to... 172 subjects involved.,Expedited
Clinical trial testing a new pharmaceutical drug for hypertension in elderly patients. This study aims to... 310 subjects involved.,Full Board
Surveying active drug users about illegal activities with identifiable data collection. Participants will be asked to... 144 subjects involved.,Full Board
Evaluation of a new math curriculum in a standard 4th-grade classroom environment. This study aims to... 227 subjects involved.,Exempt
Research on individual or group behavior using recorded voice or video data. The primary objective is... 235 subjects involved.,Expedited
Evaluating a high-risk surgical procedure for spinal cord injury reconstruction. The primary objective is... 393 subjects involved.,Full Board
Collection of saliva samples from healthy adults to measure cortisol levels. This study aims to... 79 subjects involved.,Expedited
Surveying active drug users about illegal activities with identifiable data collection. The primary objective is... 62 subjects involved.,Full Board
Research involving intentional deception of participants regarding physical safety. Participants will be asked to... 141 subjects involved.,Full Board
Study using non-invasive heart rate monitors during light treadmill exercise. This study aims to... 146 subjects involved.,Expedited
Research involving interviews with incarcerated individuals about prison conditions. This study aims to... 441 subjects involved.,Full Board
Small blood draw via venipuncture from healthy non-pregnant adults. Participants will be asked to... 62 subjects involved.,Expedited
Observation of public behavior in a city park without any identifiers recorded. Data will be collected via... 460 subjects involved.,Exempt
Interviews with teachers about stress levels where names are linked to responses. This study aims to... 436 subjects involved.,Expedited
Evaluating a high-risk surgical procedure for spinal cord injury reconstruction. The primary objective is... 474 subjects involved.,Full Board
Interviews with teachers about stress levels where names are linked to responses. The primary objective is... 389 subjects involved.,Expedited
Anonymous survey regarding workplace satisfaction among corporate employees. Participants will be asked to... 494 subjects involved.,Exempt
Interviews with teachers about stress levels where names are linked to responses. The primary objective is... 104 subjects involved.,Expedited
"Focus groups regarding sensitive personal experiences, but with minimal risk of harm. The primary objective is... 493 subjects involved.",Expedited
Anonymous survey regarding workplace satisfaction among corporate employees. Participants will be asked to... 257 subjects involved.,Exempt
Observation of public behavior in a city park without any identifiers recorded. The primary objective is... 347 subjects involved.,Exempt
Retrospective review of de-identified medical records for frequency of flu symptoms. This study aims to... 119 subjects involved.,Exempt
Study on the psychological impact of past trauma in children under 10. Data will be collected via... 438 subjects involved.,Full Board
Study on the psychological impact of past trauma in children under 10. Data will be collected via... 341 subjects involved.,Full Board
Small blood draw via venipuncture from healthy non-pregnant adults. Participants will be asked to... 435 subjects involved.,Expedited
Retrospective review of de-identified medical records for frequency of flu symptoms. This study aims to... 344 subjects involved.,Exempt
Research involving intentional deception of participants regarding physical safety. The primary objective is... 224 subjects involved.,Full Board
Study on the psychological impact of past trauma in children under 10. Participants will be asked to... 62 subjects involved.,Full Board
Research involving interviews with incarcerated individuals about prison conditions. Participants will be asked to... 86 subjects involved.,Full Board
"Focus groups regarding sensitive personal experiences, but with minimal risk of harm. Participants will be asked to... 184 subjects involved.",Expedited
Analysis of existing public datasets regarding census information. The primary objective is... 407 subjects involved.,Exempt
Study on the psychological impact of past trauma in children under 10. Data will be collected via... 469 subjects involved.,Full Board
Research on individual or group behavior using recorded voice or video data. The primary objective is... 311 subjects involved.,Expedited
Surveying active drug users about illegal activities with identifiable data collection. Data will be collected via... 300 subjects involved.,Full Board
"Focus groups regarding sensitive personal experiences, but with minimal risk of harm. Participants will be asked to... 296 subjects involved.",Expedited
Surveying active drug users about illegal activities with identifiable data collection. The primary objective is... 335 subjects involved.,Full Board
Evaluation of a new math curriculum in a standard 4th-grade classroom environment. Participants will be asked to... 78 subjects involved.,Exempt
Retrospective review of de-identified medical records for frequency of flu symptoms. Data will be collected via... 17 subjects involved.,Exempt
Surveying active drug users about illegal activities with identifiable data collection. Data will be collected via... 331 subjects involved.,Full Board
Surveying active drug users about illegal activities with identifiable data collection. This study aims to... 212 subjects involved.,Full Board
Interviews with teachers about stress levels where names are linked to responses. The primary objective is... 252 subjects involved.,Expedited
Secondary analysis of anonymized blood pressure data from a 2010 study. This study aims to... 323 subjects involved.,Exempt
Collection of saliva samples from healthy adults to measure cortisol levels. Participants will be asked to... 435 subjects involved.,Expedited
Observation of public behavior in a city park without any identifiers recorded. Data will be collected via... 281 subjects involved.,Exempt
Evaluation of a new math curriculum in a standard 4th-grade classroom environment. Data will be collected via... 240 subjects involved.,Exempt
Evaluation of a new math curriculum in a standard 4th-grade classroom environment. Data will be collected via... 127 subjects involved.,Exempt
Small blood draw via venipuncture from healthy non-pregnant adults. This study aims to... 138 subjects involved.,Expedited
Research involving interviews with incarcerated individuals about prison conditions. This study aims to... 51 subjects involved.,Full Board
Retrospective review of de-identified medical records for frequency of flu symptoms. Participants will be asked to... 357 subjects involved.,Exempt
Small blood draw via venipuncture from healthy non-pregnant adults. Participants will be asked to... 419 subjects involved.,Expedited
Secondary analysis of anonymized blood pressure data from a 2010 study. The primary objective is... 76 subjects involved.,Exempt
Secondary analysis of anonymized blood pressure data from a 2010 study. Data will be collected via... 20 subjects involved.,Exempt
Secondary analysis of anonymized blood pressure data from a 2010 study. This study aims to... 230 subjects involved.,Exempt
Evaluating a high-risk surgical procedure for spinal cord injury reconstruction. Participants will be asked to... 444 subjects involved.,Full Board
Retrospective review of de-identified medical records for frequency of flu symptoms. This study aims to... 197 subjects involved.,Exempt
Research on individual or group behavior using recorded voice or video data. Participants will be asked to... 90 subjects involved.,Expedited
Evaluating a high-risk surgical procedure for spinal cord injury reconstruction. Participants will be asked to... 224 subjects involved.,Full Board
Observation of public behavior in a city park without any identifiers recorded. The primary objective is... 238 subjects involved.,Exempt
Clinical trial testing a new pharmaceutical drug for hypertension in elderly patients. This study aims to... 73 subjects involved.,Full Board
Research involving interviews with incarcerated individuals about prison conditions. The primary objective is... 285 subjects involved.,Full Board
Anonymous survey regarding workplace satisfaction among corporate employees. Data will be collected via... 17 subjects involved.,Exempt
Evaluating a high-risk surgical procedure for spinal cord injury reconstruction. This study aims to... 400 subjects involved.,Full Board
Observation of public behavior in a city park without any identifiers recorded. The primary objective is... 495 subjects involved.,Exempt
Analysis of existing public datasets regarding census information. Data will be collected via... 403 subjects involved.,Exempt
Surveying active drug users about illegal activities with identifiable data collection. Participants will be asked to... 407 subjects involved.,Full Board
Surveying active drug users about illegal activities with identifiable data collection. This study aims to... 240 subjects involved.,Full Board
Study on the psychological impact of past trauma in children under 10. Participants will be asked to... 247 subjects involved.,Full Board
Clinical trial testing a new pharmaceutical drug for hypertension in elderly patients. Data will be collected via... 250 subjects involved.,Full Board
Study using non-invasive heart rate monitors during light treadmill exercise. Participants will be asked to... 65 subjects involved.,Expedited
Clinical trial testing a new pharmaceutical drug for hypertension in elderly patients. This study aims to... 199 subjects involved.,Full Board
Surveying active drug users about illegal activities with identifiable data collection. Participants will be asked to... 112 subjects involved.,Full Board
Observation of public behavior in a city park without any identifiers recorded. The primary objective is... 216 subjects involved.,Exempt
Study on the psychological impact of past trauma in children under 10. The primary objective is... 194 subjects involved.,Full Board
Small blood draw via venipuncture from healthy non-pregnant adults. The primary objective is... 228 subjects involved.,Expedited
Observation of public behavior in a city park without any identifiers recorded. Participants will be asked to... 480 subjects involved.,Exempt
Clinical trial testing a new pharmaceutical drug for hypertension in elderly patients. Data will be collected via... 111 subjects involved.,Full Board
Evaluation of a new math curriculum in a standard 4th-grade classroom environment. The primary objective is... 145 subjects involved.,Exempt
Evaluation of a new math curriculum in a standard 4th-grade classroom environment. This study aims to... 99 subjects involved.,Exempt
Anonymous survey regarding workplace satisfaction among corporate employees. Data will be collected via... 42 subjects involved.,Exempt
Secondary analysis of anonymized blood pressure data from a 2010 study. Participants will be asked to... 493 subjects involved.,Exempt
Research involving intentional deception of participants regarding physical safety. Participants will be asked to... 482 subjects involved.,Full Board
Interviews with teachers about stress levels where names are linked to responses. Participants will be asked to... 165 subjects involved.,Expedited
Small blood draw via venipuncture from healthy non-pregnant adults. Data will be collected via... 477 subjects involved.,Expedited
Collection of saliva samples from healthy adults to measure cortisol levels. Participants will be asked to... 220 subjects involved.,Expedited
Evaluating a high-risk surgical procedure for spinal cord injury reconstruction. This study aims to... 436 subjects involved.,Full Board
Collection of saliva samples from healthy adults to measure cortisol levels. Participants will be asked to... 331 subjects involved.,Expedited
Retrospective review of de-identified medical records for frequency of flu symptoms. Participants will be asked to... 473 subjects involved.,Exempt
Analysis of existing public datasets regarding census information. Data will be collected via... 125 subjects involved.,Exempt
Small blood draw via venipuncture from healthy non-pregnant adults. The primary objective is... 227 subjects involved.,Expedited
Study using non-invasive heart rate monitors during light treadmill exercise. Participants will be asked to... 221 subjects involved.,Expedited
Research involving intentional deception of participants regarding physical safety. Participants will be asked to... 473 subjects involved.,Full Board
Study on the psychological impact of past trauma in children under 10. The primary objective is... 179 subjects involved.,Full Board
Anonymous survey regarding workplace satisfaction among corporate employees. Data will be collected via... 232 subjects involved.,Exempt
Evaluation of a new math curriculum in a standard 4th-grade classroom environment. This study aims to... 415 subjects involved.,Exempt
Research involving intentional deception of participants regarding physical safety. Data will be collected via... 400 subjects involved.,Full Board
Anonymous survey regarding workplace satisfaction among corporate employees. The primary objective is... 491 subjects involved.,Exempt
Observation of public behavior in a city park without any identifiers recorded. The primary objective is... 410 subjects involved.,Exempt
Retrospective review of de-identified medical records for frequency of flu symptoms. Data will be collected via... 155 subjects involved.,Exempt
Interviews with teachers about stress levels where names are linked to responses. Data will be collected via... 118 subjects involved.,Expedited
Secondary analysis of anonymized blood pressure data from a 2010 study. Participants will be asked to... 406 subjects involved.,Exempt
Small blood draw via venipuncture from healthy non-pregnant adults. This study aims to... 102 subjects involved.,Expedited
Study using non-invasive heart rate monitors during light treadmill exercise. This study aims to... 373 subjects involved.,Expedited
Anonymous survey regarding workplace satisfaction among corporate employees. The primary objective is... 34 subjects involved.,Exempt
Surveying active drug users about illegal activities with identifiable data collection. The primary objective is... 149 subjects involved.,Full Board
Surveying active drug users about illegal activities with identifiable data collection. This study aims to... 392 subjects involved.,Full Board
Analysis of existing public datasets regarding census information. Participants will be asked to... 157 subjects involved.,Exempt
Evaluating a high-risk surgical procedure for spinal cord injury reconstruction. This study aims to... 311 subjects involved.,Full Board
Clinical trial testing a new pharmaceutical drug for hypertension in elderly patients. The primary objective is... 336 subjects involved.,Full Board
Secondary analysis of anonymized blood pressure data from a 2010 study. Participants will be asked to... 88 subjects involved.,Exempt
Research on individual or group behavior using recorded voice or video data. This study aims to... 398 subjects involved.,Expedited
Study on the psychological impact of past trauma in children under 10. The primary objective is... 389 subjects involved.,Full Board
Observation of public behavior in a city park without any identifiers recorded. The primary objective is... 284 subjects involved.,Exempt
Clinical trial testing a new pharmaceutical drug for hypertension in elderly patients. This study aims to... 288 subjects involved.,Full Board
Observation of public behavior in a city park without any identifiers recorded. The primary objective is... 307 subjects involved.,Exempt
Study on the psychological impact of past trauma in children under 10. Data will be collected via... 178 subjects involved.,Full Board
Research involving interviews with incarcerated individuals about prison conditions. This study aims to... 140 subjects involved.,Full Board
Research involving intentional deception of participants regarding physical safety. Participants will be asked to... 208 subjects involved.,Full Board
Research involving interviews with incarcerated individuals about prison conditions. This study aims to... 235 subjects involved.,Full Board
Interviews with teachers about stress levels where names are linked to responses. Participants will be asked to... 149 subjects involved.,Expedited
Study using non-invasive heart rate monitors during light treadmill exercise. This study aims to... 203 subjects involved.,Expedited
Analysis of existing public datasets regarding census information. Data will be collected via... 480 subjects involved.,Exempt
Anonymous survey regarding workplace satisfaction among corporate employees. The primary objective is... 314 subjects involved.,Exempt
Evaluating a high-risk surgical procedure for spinal cord injury reconstruction. This study aims to... 97 subjects involved.,Full Board
Evaluation of a new math curriculum in a standard 4th-grade classroom environment. This study aims to... 186 subjects involved.,Exempt
Secondary analysis of anonymized blood pressure data from a 2010 study. Data will be collected via... 94 subjects involved.,Exempt
Analysis of existing public datasets regarding census information. This study aims to... 317 subjects involved.,Exempt
Study on the psychological impact of past trauma in children under 10. The primary objective is... 184 subjects involved.,Full Board
Research involving intentional deception of participants regarding physical safety. Participants will be asked to... 252 subjects involved.,Full Board
Evaluation of a new math curriculum in a standard 4th-grade classroom environment. Data will be collected via... 325 subjects involved.,Exempt
Study using non-invasive heart rate monitors during light treadmill exercise. Participants will be asked to... 154 subjects involved.,Expedited
Research involving interviews with incarcerated individuals about prison conditions. This study aims to... 464 subjects involved.,Full Board
Study using non-invasive heart rate monitors during light treadmill exercise. This study aims to... 32 subjects involved.,Expedited
Research involving intentional deception of participants regarding physical safety. Participants will be asked to... 448 subjects involved.,Full Board
Research on individual or group behavior using recorded voice or video data. This study aims to... 306 subjects involved.,Expedited
Research involving interviews with incarcerated individuals about prison conditions. The primary objective is... 119 subjects involved.,Full Board
Study on the psychological impact of past trauma in children under 10. The primary objective is... 92 subjects involved.,Full Board
Evaluating a high-risk surgical procedure for spinal cord injury reconstruction. Data will be collected via... 318 subjects involved.,Full Board
Secondary analysis of anonymized blood pressure data from a 2010 study. The primary objective is... 497 subjects involved.,Exempt
Clinical trial testing a new pharmaceutical drug for hypertension in elderly patients. Participants will be asked to... 142 subjects involved.,Full Board
Retrospective review of de-identified medical records for frequency of flu symptoms. Participants will be asked to... 189 subjects involved.,Exempt
Small blood draw via venipuncture from healthy non-pregnant adults. The primary objective is... 241 subjects involved.,Expedited
Retrospective review of de-identified medical records for frequency of flu symptoms. This study aims to... 265 subjects involved.,Exempt
Study using non-invasive heart rate monitors during light treadmill exercise. Data will be collected via... 134 subjects involved.,Expedited
Interviews with teachers about stress levels where names are linked to responses. This study aims to... 360 subjects involved.,Expedited
Anonymous survey regarding workplace satisfaction among corporate employees. This study aims to... 139 subjects involved.,Exempt
Study on the psychological impact of past trauma in children under 10. Data will be collected via... 485 subjects involved.,Full Board
Research on individual or group behavior using recorded voice or video data. Data will be collected via... 348 subjects involved.,Expedited
Clinical trial testing a new pharmaceutical drug for hypertension in elderly patients. Data will be collected via... 126 subjects involved.,Full Board
Research on individual or group behavior using recorded voice or video data. Data will be collected via... 496 subjects involved.,Expedited
Study using non-invasive heart rate monitors during light treadmill exercise. This study aims to... 369 subjects involved.,Expedited
Retrospective review of de-identified medical records for frequency of flu symptoms. Data will be collected via... 104 subjects involved.,Exempt
Evaluating a high-risk surgical procedure for spinal cord injury reconstruction. Data will be collected via... 282 subjects involved.,Full Board
Evaluation of a new math curriculum in a standard 4th-grade classroom environment. Participants will be asked to... 100 subjects involved.,Exempt
Interviews with teachers about stress levels where names are linked to responses. Data will be collected via... 186 subjects involved.,Expedited
Secondary analysis of anonymized blood pressure data from a 2010 study. Data will be collected via... 418 subjects involved.,Exempt
Evaluation of a new math curriculum in a standard 4th-grade classroom environment. Data will be collected via... 170 subjects involved.,Exempt
Secondary analysis of anonymized blood pressure data from a 2010 study. The primary objective is... 45 subjects involved.,Exempt
Research on individual or group behavior using recorded voice or video data. This study aims to... 195 subjects involved.,Expedited
Surveying active drug users about illegal activities with identifiable data collection. The primary objective is... 354 subjects involved.,Full Board
Small blood draw via venipuncture from healthy non-pregnant adults. Data will be collected via... 457 subjects involved.,Expedited
Evaluating a high-risk surgical procedure for spinal cord injury reconstruction. This study aims to... 202 subjects involved.,Full Board
Small blood draw via venipuncture from healthy non-pregnant adults. Data will be collected via... 17 subjects involved.,Expedited
Study on the psychological impact of past trauma in children under 10. Data will be collected via... 194 subjects involved.,Full Board
Research on individual or group behavior using recorded voice or video data. Data will be collected via... 444 subjects involved.,Expedited
Clinical trial testing a new pharmaceutical drug for hypertension in elderly patients. Data will be collected via... 156 subjects involved.,Full Board
Analysis of existing public datasets regarding census information. Data will be collected via... 364 subjects involved.,Exempt
Small blood draw via venipuncture from healthy non-pregnant adults. The primary objective is... 495 subjects involved.,Expedited
Small blood draw via venipuncture from healthy non-pregnant adults. This study aims to... 453 subjects involved.,Expedited
Study using non-invasive heart rate monitors during light treadmill exercise. Data will be collected via... 403 subjects involved.,Expedited
Study on the psychological impact of past trauma in children under 10. This study aims to... 39 subjects involved.,Full Board
Research involving intentional deception of participants regarding physical safety. This study aims to... 61 subjects involved.,Full Board
Anonymous survey regarding workplace satisfaction among corporate employees. This study aims to... 28 subjects involved.,Exempt
Research on individual or group behavior using recorded voice or video data. The primary objective is... 49 subjects involved.,Expedited
Surveying active drug users about illegal activities with identifiable data collection. This study aims to... 459 subjects involved.,Full Board
Surveying active drug users about illegal activities with identifiable data collection. Data will be collected via... 479 subjects involved.,Full Board
Small blood draw via venipuncture from healthy non-pregnant adults. The primary objective is... 440 subjects involved.,Expedited
Study on the psychological impact of past trauma in children under 10. The primary objective is... 393 subjects involved.,Full Board
Interviews with teachers about stress levels where names are linked to responses. This study aims to... 13 subjects involved.,Expedited
Observation of public behavior in a city park without any identifiers recorded. Data will be collected via... 52 subjects involved.,Exempt
Observation of public behavior in a city park without any identifiers recorded. This study aims to... 19 subjects involved.,Exempt
Research on individual or group behavior using recorded voice or video data. Data will be collected via... 241 subjects involved.,Expedited
Secondary analysis of anonymized blood pressure data from a 2010 study. The primary objective is... 392 subjects involved.,Exempt
Research involving intentional deception of participants regarding physical safety. Data will be collected via... 458 subjects involved.,Full Board
Retrospective review of de-identified medical records for frequency of flu symptoms. This study aims to... 394 subjects involved.,Exempt
Retrospective review of de-identified medical records for frequency of flu symptoms. This study aims to... 76 subjects involved.,Exempt
Small blood draw via venipuncture from healthy non-pregnant adults. Data will be collected via... 57 subjects involved.,Expedited
Anonymous survey regarding workplace satisfaction among corporate employees. This study aims to... 379 subjects involved.,Exempt
Collection of saliva samples from healthy adults to measure cortisol levels. Data will be collected via... 197 subjects involved.,Expedited
Surveying active drug users about illegal activities with identifiable data collection. Participants will be asked to... 369 subjects involved.,Full Board
Study using non-invasive heart rate monitors during light treadmill exercise. Participants will be asked to... 80 subjects involved.,Expedited
Secondary analysis of anonymized blood pressure data from a 2010 study. This study aims to... 250 subjects involved.,Exempt
Secondary analysis of anonymized blood pressure data from a 2010 study. This study aims to... 220 subjects involved.,Exempt
Anonymous survey regarding workplace satisfaction among corporate employees. The primary objective is... 313 subjects involved.,Exempt
Study using non-invasive heart rate monitors during light treadmill exercise. Participants will be asked to... 325 subjects involved.,Expedited
Research on individual or group behavior using recorded voice or video data. The primary objective is... 204 subjects involved.,Expedited
Research on individual or group behavior using recorded voice or video data. The primary objective is... 423 subjects involved.,Expedited
Study using non-invasive heart rate monitors during light treadmill exercise. Participants will be asked to... 227 subjects involved.,Expedited
Analysis of existing public datasets regarding census information. This study aims to... 270 subjects involved.,Exempt
Secondary analysis of anonymized blood pressure data from a 2010 study. The primary objective is... 89 subjects involved.,Exempt
Study using non-invasive heart rate monitors during light treadmill exercise. The primary objective is... 396 subjects involved.,Expedited
Research involving interviews with incarcerated individuals about prison conditions. Data will be collected via... 94 subjects involved.,Full Board
Small blood draw via venipuncture from healthy non-pregnant adults. The primary objective is... 457 subjects involved.,Expedited
Research on individual or group behavior using recorded voice or video data. Participants will be asked to... 261 subjects involved.,Expedited
Interviews with teachers about stress levels where names are linked to responses. The primary objective is... 449 subjects involved.,Expedited
Research involving intentional deception of participants regarding physical safety. Data will be collected via... 449 subjects involved.,Full Board
Collection of saliva samples from healthy adults to measure cortisol levels. Data will be collected via... 357 subjects involved.,Expedited
Small blood draw via venipuncture from healthy non-pregnant adults. This study aims to... 34 subjects involved.,Expedited
Secondary analysis of anonymized blood pressure data from a 2010 study. Participants will be asked to... 434 subjects involved.,Exempt
Research involving interviews with incarcerated individuals about prison conditions. This study aims to... 388 subjects involved.,Full Board
Observation of public behavior in a city park without any identifiers recorded. Participants will be asked to... 423 subjects involved.,Exempt
Study on the psychological impact of past trauma in children under 10. Participants will be asked to... 152 subjects involved.,Full Board
Study using non-invasive heart rate monitors during light treadmill exercise. Data will be collected via... 474 subjects involved.,Expedited
Study on the psychological impact of past trauma in children under 10. The primary objective is... 232 subjects involved.,Full Board
Evaluation of a new math curriculum in a standard 4th-grade classroom environment. Data will be collected via... 199 subjects involved.,Exempt
Retrospective review of de-identified medical records for frequency of flu symptoms. The primary objective is... 493 subjects involved.,Exempt
Analysis of existing public datasets regarding census information. This study aims to... 133 subjects involved.,Exempt
Clinical trial testing a new pharmaceutical drug for hypertension in elderly patients. This study aims to... 211 subjects involved.,Full Board
Study on the psychological impact of past trauma in children under 10. This study aims to... 157 subjects involved.,Full Board
Secondary analysis of anonymized blood pressure data from a 2010 study. This study aims to... 496 subjects involved.,Exempt
"Focus groups regarding sensitive personal experiences, but with minimal risk of harm. This study aims to... 246 subjects involved.",Expedited
Collection of saliva samples from healthy adults to measure cortisol levels. Participants will be asked to... 244 subjects involved.,Expedited
Research involving intentional deception of participants regarding physical safety. The primary objective is... 315 subjects involved.,Full Board
Anonymous survey regarding workplace satisfaction among corporate employees. This study aims to... 335 subjects involved.,Exempt
Analysis of existing public datasets regarding census information. Participants will be asked to... 310 subjects involved.,Exempt
Study on the psychological impact of past trauma in children under 10. Participants will be asked to... 194 subjects involved.,Full Board
Clinical trial testing a new pharmaceutical drug for hypertension in elderly patients. The primary objective is... 39 subjects involved.,Full Board
Study on the psychological impact of past trauma in children under 10. Data will be collected via... 21 subjects involved.,Full Board
Study on the psychological impact of past trauma in children under 10. Data will be collected via... 469 subjects involved.,Full Board
Secondary analysis of anonymized blood pressure data from a 2010 study. The primary objective is... 74 subjects involved.,Exempt
Clinical trial testing a new pharmaceutical drug for hypertension in elderly patients. The primary objective is... 106 subjects involved.,Full Board
Observation of public behavior in a city park without any identifiers recorded. This study aims to... 346 subjects involved.,Exempt
Research involving intentional deception of participants regarding physical safety. Data will be collected via... 150 subjects involved.,Full Board
Evaluating a high-risk surgical procedure for spinal cord injury reconstruction. Data will be collected via... 38 subjects involved.,Full Board
Research involving interviews with incarcerated individuals about prison conditions. Participants will be asked to... 43 subjects involved.,Full Board
Research involving intentional deception of participants regarding physical safety. The primary objective is... 449 subjects involved.,Full Board
Evaluation of a new math curriculum in a standard 4th-grade classroom environment. Participants will be asked to... 164 subjects involved.,Exempt
Study on the psychological impact of past trauma in children under 10. The primary objective is... 312 subjects involved.,Full Board
Anonymous survey regarding workplace satisfaction among corporate employees. Participants will be asked to... 277 subjects involved.,Exempt
Evaluating a high-risk surgical procedure for spinal cord injury reconstruction. This study aims to... 483 subjects involved.,Full Board
Research on individual or group behavior using recorded voice or video data. Participants will be asked to... 327 subjects involved.,Expedited
Anonymous survey regarding workplace satisfaction among corporate employees. This study aims to... 43 subjects involved.,Exempt
Observation of public behavior in a city park without any identifiers recorded. Participants will be asked to... 410 subjects involved.,Exempt
Observation of public behavior in a city park without any identifiers recorded. Data will be collected via... 496 subjects involved.,Exempt
Surveying active drug users about illegal activities with identifiable data collection. The primary objective is... 301 subjects involved.,Full Board
Observation of public behavior in a city park without any identifiers recorded. The primary objective is... 470 subjects involved.,Exempt
Research involving intentional deception of participants regarding physical safety. Participants will be asked to... 428 subjects involved.,Full Board
Evaluation of a new math curriculum in a standard 4th-grade classroom environment. Data will be collected via... 353 subjects involved.,Exempt
Observation of public behavior in a city park without any identifiers recorded. Participants will be asked to... 281 subjects involved.,Exempt
Interviews with teachers about stress levels where names are linked to responses. This study aims to... 418 subjects involved.,Expedited
Observation of public behavior in a city park without any identifiers recorded. Participants will be asked to... 76 subjects involved.,Exempt
Evaluation of a new math curriculum in a standard 4th-grade classroom environment. The primary objective is... 473 subjects involved.,Exempt
Evaluation of a new math curriculum in a standard 4th-grade classroom environment. This study aims to... 98 subjects involved.,Exempt
Research involving interviews with incarcerated individuals about prison conditions. Participants will be asked to... 17 subjects involved.,Full Board
Analysis of existing public datasets regarding census information. Participants will be asked to... 77 subjects involved.,Exempt
Clinical trial testing a new pharmaceutical drug for hypertension in elderly patients. The primary objective is... 485 subjects involved.,Full Board
Observation of public behavior in a city park without any identifiers recorded. Data will be collected via... 97 subjects involved.,Exempt
Observation of public behavior in a city park without any identifiers recorded. Data will be collected via... 308 subjects involved.,Exempt
Study using non-invasive heart rate monitors during light treadmill exercise. Data will be collected via... 36 subjects involved.,Expedited
Anonymous survey regarding workplace satisfaction among corporate employees. Data will be collected via... 167 subjects involved.,Exempt
Study on the psychological impact of past trauma in children under 10. The primary objective is... 314 subjects involved.,Full Board
Collection of saliva samples from healthy adults to measure cortisol levels. Data will be collected via... 448 subjects involved.,Expedited
Clinical trial testing a new pharmaceutical drug for hypertension in elderly patients. Data will be collected via... 224 subjects involved.,Full Board
Retrospective review of de-identified medical records for frequency of flu symptoms. The primary objective is... 131 subjects involved.,Exempt
Secondary analysis of anonymized blood pressure data from a 2010 study. This study aims to... 266 subjects involved.,Exempt
Study on the psychological impact of past trauma in children under 10. This study aims to... 410 subjects involved.,Full Board
Secondary analysis of anonymized blood pressure data from a 2010 study. Participants will be asked to... 303 subjects involved.,Exempt
Small blood draw via venipuncture from healthy non-pregnant adults. Participants will be asked to... 172 subjects involved.,Expedited
Interviews with teachers about stress levels where names are linked to responses. The primary objective is... 393 subjects involved.,Expedited
Research on individual or group behavior using recorded voice or video data. Participants will be asked to... 155 subjects involved.,Expedited
Research involving intentional deception of participants regarding physical safety. The primary objective is... 213 subjects involved.,Full Board
Anonymous survey regarding workplace satisfaction among corporate employees. This study aims to... 312 subjects involved.,Exempt
Anonymous survey regarding workplace satisfaction among corporate employees. Data will be collected via... 433 subjects involved.,Exempt
"Focus groups regarding sensitive personal experiences, but with minimal risk of harm. Participants will be asked to... 215 subjects involved.",Expedited
Interviews with teachers about stress levels where names are linked to responses. Data will be collected via... 463 subjects involved.,Expedited
Study on the psychological impact of past trauma in children under 10. Participants will be asked to... 479 subjects involved.,Full Board
Secondary analysis of anonymized blood pressure data from a 2010 study. Participants will be asked to... 199 subjects involved.,Exempt
Interviews with teachers about stress levels where names are linked to responses. The primary objective is... 433 subjects involved.,Expedited
Evaluating a high-risk surgical procedure for spinal cord injury reconstruction. This study aims to... 329 subjects involved.,Full Board
"Focus groups regarding sensitive personal experiences, but with minimal risk of harm. The primary objective is... 490 subjects involved.",Expedited
Evaluation of a new math curriculum in a standard 4th-grade classroom environment. This study aims to... 229 subjects involved.,Exempt
Collection of saliva samples from healthy adults to measure cortisol levels. This study aims to... 318 subjects involved.,Expedited
Evaluation of a new math curriculum in a standard 4th-grade classroom environment. The primary objective is... 446 subjects involved.,Exempt
Collection of saliva samples from healthy adults to measure cortisol levels. Data will be collected via... 271 subjects involved.,Expedited
Analysis of existing public datasets regarding census information. Data will be collected via... 50 subjects involved.,Exempt
Collection of saliva samples from healthy adults to measure cortisol levels. Data will be collected via... 32 subjects involved.,Expedited
Secondary analysis of anonymized blood pressure data from a 2010 study. Participants will be asked to... 143 subjects involved.,Exempt
Surveying active drug users about illegal activities with identifiable data collection. The primary objective is... 286 subjects involved.,Full Board
Research on individual or group behavior using recorded voice or video data. This study aims to... 140 subjects involved.,Expedited
Observation of public behavior in a city park without any identifiers recorded. The primary objective is... 271 subjects involved.,Exempt
Research involving intentional deception of participants regarding physical safety. Participants will be asked to... 360 subjects involved.,Full Board
Research on individual or group behavior using recorded voice or video data. Data will be collected via... 302 subjects involved.,Expedited
Analysis of existing public datasets regarding census information. The primary objective is... 377 subjects involved.,Exempt
Small blood draw via venipuncture from healthy non-pregnant adults. This study aims to... 36 subjects involved.,Expedited
Small blood draw via venipuncture from healthy non-pregnant adults. The primary objective is... 458 subjects involved.,Expedited
Secondary analysis of anonymized blood pressure data from a 2010 study. The primary objective is... 154 subjects involved.,Exempt
Retrospective review of de-identified medical records for frequency of flu symptoms. The primary objective is... 439 subjects involved.,Exempt
Evaluation of a new math curriculum in a standard 4th-grade classroom environment. The primary objective is... 267 subjects involved.,Exempt
Analysis of existing public datasets regarding census information. Data will be collected via... 402 subjects involved.,Exempt
Research on individual or group behavior using recorded voice or video data. Participants will be asked to... 300 subjects involved.,Expedited
Anonymous survey regarding workplace satisfaction among corporate employees. Participants will be asked to... 114 subjects involved.,Exempt
Interviews with teachers about stress levels where names are linked to responses. The primary objective is... 436 subjects involved.,Expedited
Collection of saliva samples from healthy adults to measure cortisol levels. Data will be collected via... 286 subjects involved.,Expedited
Secondary analysis of anonymized blood pressure data from a 2010 study. Data will be collected via... 318 subjects involved.,Exempt
Analysis of existing public datasets regarding census information. This study aims to... 262 subjects involved.,Exempt
Surveying active drug users about illegal activities with identifiable data collection. This study aims to... 61 subjects involved.,Full Board
Anonymous survey regarding workplace satisfaction among corporate employees. Data will be collected via... 165 subjects involved.,Exempt
Anonymous survey regarding workplace satisfaction among corporate employees. The primary objective is... 14 subjects involved.,Exempt
Evaluation of a new math curriculum in a standard 4th-grade classroom environment. This study aims to... 155 subjects involved.,Exempt
Study using non-invasive heart rate monitors during light treadmill exercise. Participants will be asked to... 355 subjects involved.,Expedited
Small blood draw via venipuncture from healthy non-pregnant adults. Participants will be asked to... 413 subjects involved.,Expedited
Clinical trial testing a new pharmaceutical drug for hypertension in elderly patients. The primary objective is... 294 subjects involved.,Full Board
Small blood draw via venipuncture from healthy non-pregnant adults. This study aims to... 359 subjects involved.,Expedited
Research involving intentional deception of participants regarding physical safety. Participants will be asked to... 487 subjects involved.,Full Board
Collection of saliva samples from healthy adults to measure cortisol levels. The primary objective is... 130 subjects involved.,Expedited
Research involving intentional deception of participants regarding physical safety. The primary objective is... 108 subjects involved.,Full Board
Evaluation of a new math curriculum in a standard 4th-grade classroom environment. Data will be collected via... 95 subjects involved.,Exempt
Surveying active drug users about illegal activities with identifiable data collection. The primary objective is... 223 subjects involved.,Full Board
Secondary analysis of anonymized blood pressure data from a 2010 study. This study aims to... 214 subjects involved.,Exempt
Small blood draw via venipuncture from healthy non-pregnant adults. The primary objective is... 49 subjects involved.,Expedited
Analysis of existing public datasets regarding census information. This study aims to... 158 subjects involved.,Exempt
Study using non-invasive heart rate monitors during light treadmill exercise. Data will be collected via... 248 subjects involved.,Expedited
Secondary analysis of anonymized blood pressure data from a 2010 study. The primary objective is... 11 subjects involved.,Exempt
Research involving interviews with incarcerated individuals about prison conditions. Participants will be asked to... 127 subjects involved.,Full Board
Research on individual or group behavior using recorded voice or video data. This study aims to... 138 subjects involved.,Expedited
Study on the psychological impact of past trauma in children under 10. Data will be collected via... 158 subjects involved.,Full Board
Surveying active drug users about illegal activities with identifiable data collection. The primary objective is... 493 subjects involved.,Full Board
Anonymous survey regarding workplace satisfaction among corporate employees. The primary objective is... 83 subjects involved.,Exempt
Research involving interviews with incarcerated individuals about prison conditions. The primary objective is... 30 subjects involved.,Full Board
"Focus groups regarding sensitive personal experiences, but with minimal risk of harm. Data will be collected via... 35 subjects involved.",Expedited
"Focus groups regarding sensitive personal experiences, but with minimal risk of harm. This study aims to... 349 subjects involved.",Expedited
Clinical trial testing a new pharmaceutical drug for hypertension in elderly patients. Data will be collected via... 138 subjects involved.,Full Board
Clinical trial testing a new pharmaceutical drug for hypertension in elderly patients. Data will be collected via... 188 subjects involved.,Full Board
Analysis of existing public datasets regarding census information. This study aims to... 494 subjects involved.,Exempt
Study using non-invasive heart rate monitors during light treadmill exercise. This study aims to... 180 subjects involved.,Expedited
Collection of saliva samples from healthy adults to measure cortisol levels. Participants will be asked to... 84 subjects involved.,Expedited
Analysis of existing public datasets regarding census information. Participants will be asked to... 431 subjects involved.,Exempt
Research on individual or group behavior using recorded voice or video data. The primary objective is... 424 subjects involved.,Expedited
Study using non-invasive heart rate monitors during light treadmill exercise. Data will be collected via... 125 subjects involved.,Expedited
Secondary analysis of anonymized blood pressure data from a 2010 study. The primary objective is... 212 subjects involved.,Exempt
Small blood draw via venipuncture from healthy non-pregnant adults. Participants will be asked to... 266 subjects involved.,Expedited
Study using non-invasive heart rate monitors during light treadmill exercise. This study aims to... 113 subjects involved.,Expedited
Surveying active drug users about illegal activities with identifiable data collection. The primary objective is... 148 subjects involved.,Full Board
Secondary analysis of anonymized blood pressure data from a 2010 study. This study aims to... 145 subjects involved.,Exempt
Study using non-invasive heart rate monitors during light treadmill exercise. The primary objective is... 86 subjects involved.,Expedited
Research involving interviews with incarcerated individuals about prison conditions. The primary objective is... 21 subjects involved.,Full Board
Retrospective review of de-identified medical records for frequency of flu symptoms. The primary objective is... 48 subjects involved.,Exempt
Interviews with teachers about stress levels where names are linked to responses. The primary objective is... 367 subjects involved.,Expedited
Research involving interviews with incarcerated individuals about prison conditions. Data will be collected via... 180 subjects involved.,Full Board
Research on individual or group behavior using recorded voice or video data. The primary objective is... 347 subjects involved.,Expedited
Research involving intentional deception of participants regarding physical safety. Data will be collected via... 430 subjects involved.,Full Board
Small blood draw via venipuncture from healthy non-pregnant adults. Data will be collected via... 203 subjects involved.,Expedited
Study using non-invasive heart rate monitors during light treadmill exercise. This study aims to... 54 subjects involved.,Expedited
Surveying active drug users about illegal activities with identifiable data collection. Participants will be asked to... 229 subjects involved.,Full Board
Secondary analysis of anonymized blood pressure data from a 2010 study. This study aims to... 488 subjects involved.,Exempt
Secondary analysis of anonymized blood pressure data from a 2010 study. Participants will be asked to... 330 subjects involved.,Exempt
Interviews with teachers about stress levels where names are linked to responses. This study aims to... 244 subjects involved.,Expedited
Study on the psychological impact of past trauma in children under 10. Participants will be asked to... 228 subjects involved.,Full Board
Research involving interviews with incarcerated individuals about prison conditions. The primary objective is... 120 subjects involved.,Full Board
Surveying active drug users about illegal activities with identifiable data collection. Data will be collected via... 223 subjects involved.,Full Board
Secondary analysis of anonymized blood pressure data from a 2010 study. This study aims to... 45 subjects involved.,Exempt
Study using non-invasive heart rate monitors during light treadmill exercise. The primary objective is... 289 subjects involved.,Expedited
Analysis of existing public datasets regarding census information. Participants will be asked to... 412 subjects involved.,Exempt
Small blood draw via venipuncture from healthy non-pregnant adults. This study aims to... 491 subjects involved.,Expedited
Research involving intentional deception of participants regarding physical safety. The primary objective is... 85 subjects involved.,Full Board
Collection of saliva samples from healthy adults to measure cortisol levels. Data will be collected via... 349 subjects involved.,Expedited
Research on individual or group behavior using recorded voice or video data. This study aims to... 211 subjects involved.,Expedited
Evaluating a high-risk surgical procedure for spinal cord injury reconstruction. Participants will be asked to... 157 subjects involved.,Full Board
Research involving intentional deception of participants regarding physical safety. Participants will be asked to... 63 subjects involved.,Full Board
Research involving interviews with incarcerated individuals about prison conditions. The primary objective is... 191 subjects involved.,Full Board
Anonymous survey regarding workplace satisfaction among corporate employees. Data will be collected via... 227 subjects involved.,Exempt
Evaluation of a new math curriculum in a standard 4th-grade classroom environment. The primary objective is... 315 subjects involved.,Exempt
"Focus groups regarding sensitive personal experiences, but with minimal risk of harm. Participants will be asked to... 59 subjects involved.",Expedited
Collection of saliva samples from healthy adults to measure cortisol levels. Participants will be asked to... 255 subjects involved.,Expedited
Study on the psychological impact of past trauma in children under 10. The primary objective is... 433 subjects involved.,Full Board
Evaluation of a new math curriculum in a standard 4th-grade classroom environment. This study aims to... 99 subjects involved.,Exempt
Study on the psychological impact of past trauma in children under 10. Participants will be asked to... 287 subjects involved.,Full Board
Study using non-invasive heart rate monitors during light treadmill exercise. Participants will be asked to... 212 subjects involved.,Expedited
Small blood draw via venipuncture from healthy non-pregnant adults. The primary objective is... 302 subjects involved.,Expedited
Research involving intentional deception of participants regarding physical safety. Participants will be asked to... 216 subjects involved.,Full Board
Evaluating a high-risk surgical procedure for spinal cord injury reconstruction. This study aims to... 236 subjects involved.,Full Board
Anonymous survey regarding workplace satisfaction among corporate employees. Participants will be asked to... 489 subjects involved.,Exempt
Evaluating a high-risk surgical procedure for spinal cord injury reconstruction. Data will be collected via... 251 subjects involved.,Full Board
Evaluating a high-risk surgical procedure for spinal cord injury reconstruction. Data will be collected via... 107 subjects involved.,Full Board
Secondary analysis of anonymized blood pressure data from a 2010 study. The primary objective is... 397 subjects involved.,Exempt
Study using non-invasive heart rate monitors during light treadmill exercise. This study aims to... 331 subjects involved.,Expedited
Surveying active drug users about illegal activities with identifiable data collection. Participants will be asked to... 402 subjects involved.,Full Board
Evaluation of a new math curriculum in a standard 4th-grade classroom environment. Participants will be asked to... 464 subjects involved.,Exempt
Secondary analysis of anonymized blood pressure data from a 2010 study. Data will be collected via... 74 subjects involved.,Exempt
Research on individual or group behavior using recorded voice or video data. The primary objective is... 62 subjects involved.,Expedited
Research involving intentional deception of participants regarding physical safety. Data will be collected via... 463 subjects involved.,Full Board
Secondary analysis of anonymized blood pressure data from a 2010 study. This study aims to... 259 subjects involved.,Exempt
Evaluating a high-risk surgical procedure for spinal cord injury reconstruction. Data will be collected via... 266 subjects involved.,Full Board
Study using non-invasive heart rate monitors during light treadmill exercise. Data will be collected via... 299 subjects involved.,Expedited
Anonymous survey regarding workplace satisfaction among corporate employees. Participants will be asked to... 209 subjects involved.,Exempt
Evaluation of a new math curriculum in a standard 4th-grade classroom environment. Data will be collected via... 11 subjects involved.,Exempt
Surveying active drug users about illegal activities with identifiable data collection. This study aims to... 215 subjects involved.,Full Board
"Focus groups regarding sensitive personal experiences, but with minimal risk of harm. This study aims to... 432 subjects involved.",Expedited
Surveying active drug users about illegal activities with identifiable data collection. Data will be collected via... 396 subjects involved.,Full Board
Study on the psychological impact of past trauma in children under 10. Participants will be asked to... 277 subjects involved.,Full Board
Study using non-invasive heart rate monitors during light treadmill exercise. Data will be collected via... 154 subjects involved.,Expedited
Collection of saliva samples from healthy adults to measure cortisol levels. Participants will be asked to... 11 subjects involved.,Expedited
Collection of saliva samples from healthy adults to measure cortisol levels. Participants will be asked to... 237 subjects involved.,Expedited
Study on the psychological impact of past trauma in children under 10. Participants will be asked to... 269 subjects involved.,Full Board
Study using non-invasive heart rate monitors during light treadmill exercise. Participants will be asked to... 443 subjects involved.,Expedited
Interviews with teachers about stress levels where names are linked to responses. Data will be collected via... 461 subjects involved.,Expedited
Research involving intentional deception of participants regarding physical safety. Participants will be asked to... 393 subjects involved.,Full Board
Research involving interviews with incarcerated individuals about prison conditions. This study aims to... 80 subjects involved.,Full Board
Anonymous survey regarding workplace satisfaction among corporate employees. Data will be collected via... 216 subjects involved.,Exempt
Surveying active drug users about illegal activities with identifiable data collection. This study aims to... 23 subjects involved.,Full Board
Collection of saliva samples from healthy adults to measure cortisol levels. This study aims to... 357 subjects involved.,Expedited
Anonymous survey regarding workplace satisfaction among corporate employees. Data will be collected via... 52 subjects involved.,Exempt
Research involving intentional deception of participants regarding physical safety. This study aims to... 18 subjects involved.,Full Board
Research involving interviews with incarcerated individuals about prison conditions. The primary objective is... 327 subjects involved.,Full Board
Study on the psychological impact of past trauma in children under 10. Data will be collected via... 247 subjects involved.,Full Board
Collection of saliva samples from healthy adults to measure cortisol levels. Participants will be asked to... 492 subjects involved.,Expedited
Evaluation of a new math curriculum in a standard 4th-grade classroom environment. Data will be collected via... 462 subjects involved.,Exempt
Research involving intentional deception of participants regarding physical safety. The primary objective is... 274 subjects involved.,Full Board
Secondary analysis of anonymized blood pressure data from a 2010 study. The primary objective is... 379 subjects involved.,Exempt
Study using non-invasive heart rate monitors during light treadmill exercise. Participants will be asked to... 221 subjects involved.,Expedited
Small blood draw via venipuncture from healthy non-pregnant adults. This study aims to... 418 subjects involved.,Expedited
Research on individual or group behavior using recorded voice or video data. Data will be collected via... 255 subjects involved.,Expedited
Analysis of existing public datasets regarding census information. Data will be collected via... 146 subjects involved.,Exempt
"Focus groups regarding sensitive personal experiences, but with minimal risk of harm. Data will be collected via... 219 subjects involved.",Expedited
Collection of saliva samples from healthy adults to measure cortisol levels. Participants will be asked to... 468 subjects involved.,Expedited
Evaluation of a new math curriculum in a standard 4th-grade classroom environment. The primary objective is... 466 subjects involved.,Exempt
Evaluation of a new math curriculum in a standard 4th-grade classroom environment. The primary objective is... 369 subjects involved.,Exempt
Research on individual or group behavior using recorded voice or video data. The primary objective is... 307 subjects involved.,Expedited
Anonymous survey regarding workplace satisfaction among corporate employees. Data will be collected via... 128 subjects involved.,Exempt
Evaluating a high-risk surgical procedure for spinal cord injury reconstruction. This study aims to... 265 subjects involved.,Full Board
Clinical trial testing a new pharmaceutical drug for hypertension in elderly patients. This study aims to... 302 subjects involved.,Full Board
"Focus groups regarding sensitive personal experiences, but with minimal risk of harm. The primary objective is... 387 subjects involved.",Expedited
Study on the psychological impact of past trauma in children under 10. This study aims to... 150 subjects involved.,Full Board
Research on individual or group behavior using recorded voice or video data. The primary objective is... 234 subjects involved.,Expedited
Anonymous survey regarding workplace satisfaction among corporate employees. The primary objective is... 99 subjects involved.,Exempt
"Focus groups regarding sensitive personal experiences, but with minimal risk of harm. Data will be collected via... 426 subjects involved.",Expedited
Study using non-invasive heart rate monitors during light treadmill exercise. Data will be collected via... 395 subjects involved.,Expedited
Clinical trial testing a new pharmaceutical drug for hypertension in elderly patients. Participants will be asked to... 313 subjects involved.,Full Board
Anonymous survey regarding workplace satisfaction among corporate employees. The primary objective is... 348 subjects involved.,Exempt
Research involving interviews with incarcerated individuals about prison conditions. The primary objective is... 33 subjects involved.,Full Board
Clinical trial testing a new pharmaceutical drug for hypertension in elderly patients. This study aims to... 312 subjects involved.,Full Board
Anonymous survey regarding workplace satisfaction among corporate employees. This study aims to... 75 subjects involved.,Exempt
Study using non-invasive heart rate monitors during light treadmill exercise. The primary objective is... 466 subjects involved.,Expedited
Evaluating a high-risk surgical procedure for spinal cord injury reconstruction. The primary objective is... 71 subjects involved.,Full Board
Collection of saliva samples from healthy adults to measure cortisol levels. Participants will be asked to... 161 subjects involved.,Expedited
Clinical trial testing a new pharmaceutical drug for hypertension in elderly patients. This study aims to... 156 subjects involved.,Full Board
Small blood draw via venipuncture from healthy non-pregnant adults. This study aims to... 452 subjects involved.,Expedited
Surveying active drug users about illegal activities with identifiable data collection. The primary objective is... 176 subjects involved.,Full Board
Small blood draw via venipuncture from healthy non-pregnant adults. This study aims to... 358 subjects involved.,Expedited
Analysis of existing public datasets regarding census information. This study aims to... 125 subjects involved.,Exempt
Research involving interviews with incarcerated individuals about prison conditions. Data will be collected via... 385 subjects involved.,Full Board
Study using non-invasive heart rate monitors during light treadmill exercise. Participants will be asked to... 299 subjects involved.,Expedited
Research involving intentional deception of participants regarding physical safety. Data will be collected via... 266 subjects involved.,Full Board
Evaluating a high-risk surgical procedure for spinal cord injury reconstruction. The primary objective is... 121 subjects involved.,Full Board
Anonymous survey regarding workplace satisfaction among corporate employees. This study aims to... 212 subjects involved.,Exempt
Secondary analysis of anonymized blood pressure data from a 2010 study. Data will be collected via... 410 subjects involved.,Exempt
Retrospective review of de-identified medical records for frequency of flu symptoms. Participants will be asked to... 327 subjects involved.,Exempt
Study using non-invasive heart rate monitors during light treadmill exercise. Data will be collected via... 189 subjects involved.,Expedited
Clinical trial testing a new pharmaceutical drug for hypertension in elderly patients. The primary objective is... 39 subjects involved.,Full Board
Analysis of existing public datasets regarding census information. This study aims to... 239 subjects involved.,Exempt
Research involving interviews with incarcerated individuals about prison conditions. This study aims to... 208 subjects involved.,Full Board
Research on individual or group behavior using recorded voice or video data. The primary objective is... 152 subjects involved.,Expedited
Interviews with teachers about stress levels where names are linked to responses. The primary objective is... 141 subjects involved.,Expedited
"Focus groups regarding sensitive personal experiences, but with minimal risk of harm. Participants will be asked to... 366 subjects involved.",Expedited
Study on the psychological impact of past trauma in children under 10. Participants will be asked to... 113 subjects involved.,Full Board
Interviews with teachers about stress levels where names are linked to responses. This study aims to... 285 subjects involved.,Expedited
Research involving interviews with incarcerated individuals about prison conditions. Participants will be asked to... 52 subjects involved.,Full Board
Clinical trial testing a new pharmaceutical drug for hypertension in elderly patients. Data will be collected via... 463 subjects involved.,Full Board
Observation of public behavior in a city park without any identifiers recorded. Data will be collected via... 344 subjects involved.,Exempt
Observation of public behavior in a city park without any identifiers recorded. Participants will be asked to... 12 subjects involved.,Exempt
Collection of saliva samples from healthy adults to measure cortisol levels. The primary objective is... 215 subjects involved.,Expedited
Collection of saliva samples from healthy adults to measure cortisol levels. Participants will be asked to... 317 subjects involved.,Expedited
Secondary analysis of anonymized blood pressure data from a 2010 study. The primary objective is... 152 subjects involved.,Exempt
Evaluation of a new math curriculum in a standard 4th-grade classroom environment. Participants will be asked to... 395 subjects involved.,Exempt
Interviews with teachers about stress levels where names are linked to responses. This study aims to... 223 subjects involved.,Expedited
Analysis of existing public datasets regarding census information. The primary objective is... 305 subjects involved.,Exempt
Surveying active drug users about illegal activities with identifiable data collection. The primary objective is... 432 subjects involved.,Full Board
Study on the psychological impact of past trauma in children under 10. Participants will be asked to... 438 subjects involved.,Full Board
Collection of saliva samples from healthy adults to measure cortisol levels. The primary objective is... 310 subjects involved.,Expedited
Observation of public behavior in a city park without any identifiers recorded. Participants will be asked to... 76 subjects involved.,Exempt
Evaluation of a new math curriculum in a standard 4th-grade classroom environment. Participants will be asked to... 414 subjects involved.,Exempt
Secondary analysis of anonymized blood pressure data from a 2010 study. The primary objective is... 227 subjects involved.,Exempt
Evaluating a high-risk surgical procedure for spinal cord injury reconstruction. The primary objective is... 426 subjects involved.,Full Board
Research involving intentional deception of participants regarding physical safety. The primary objective is... 462 subjects involved.,Full Board
Evaluating a high-risk surgical procedure for spinal cord injury reconstruction. This study aims to... 289 subjects involved.,Full Board
Collection of saliva samples from healthy adults to measure cortisol levels. Data will be collected via... 167 subjects involved.,Expedited
Retrospective review of de-identified medical records for frequency of flu symptoms. Data will be collected via... 401 subjects involved.,Exempt
Analysis of existing public datasets regarding census information. Participants will be asked to... 359 subjects involved.,Exempt
Research involving interviews with incarcerated individuals about prison conditions. Participants will be asked to... 257 subjects involved.,Full Board
Evaluation of a new math curriculum in a standard 4th-grade classroom environment. This study aims to... 25 subjects involved.,Exempt
Study on the psychological impact of past trauma in children under 10. Data will be collected via... 270 subjects involved.,Full Board
Collection of saliva samples from healthy adults to measure cortisol levels. The primary objective is... 323 subjects involved.,Expedited
Research involving interviews with incarcerated individuals about prison conditions. The primary objective is... 109 subjects involved.,Full Board
"Focus groups regarding sensitive personal experiences, but with minimal risk of harm. The primary objective is... 73 subjects involved.",Expedited
Surveying active drug users about illegal activities with identifiable data collection. This study aims to... 236 subjects involved.,Full Board
Observation of public behavior in a city park without any identifiers recorded. Participants will be asked to... 183 subjects involved.,Exempt
Interviews with teachers about stress levels where names are linked to responses. Participants will be asked to... 429 subjects involved.,Expedited
Research involving interviews with incarcerated individuals about prison conditions. Participants will be asked to... 246 subjects involved.,Full Board
Secondary analysis of anonymized blood pressure data from a 2010 study. Data will be collected via... 165 subjects involved.,Exempt
Secondary analysis of anonymized blood pressure data from a 2010 study. The primary objective is... 141 subjects involved.,Exempt
Clinical trial testing a new pharmaceutical drug for hypertension in elderly patients. This study aims to... 327 subjects involved.,Full Board
Evaluating a high-risk surgical procedure for spinal cord injury reconstruction. Participants will be asked to... 233 subjects involved.,Full Board
Clinical trial testing a new pharmaceutical drug for hypertension in elderly patients. The primary objective is... 107 subjects involved.,Full Board
Secondary analysis of anonymized blood pressure data from a 2010 study. Participants will be asked to... 23 subjects involved.,Exempt
Study using non-invasive heart rate monitors during light treadmill exercise. The primary objective is... 344 subjects involved.,Expedited
Analysis of existing public datasets regarding census information. Data will be collected via... 307 subjects involved.,Exempt
Research on individual or group behavior using recorded voice or video data. Data will be collected via... 417 subjects involved.,Expedited
Study on the psychological impact of past trauma in children under 10. Participants will be asked to... 252 subjects involved.,Full Board
Surveying active drug users about illegal activities with identifiable data collection. This study aims to... 398 subjects involved.,Full Board
Collection of saliva samples from healthy adults to measure cortisol levels. Participants will be asked to... 440 subjects involved.,Expedited
Research involving intentional deception of participants regarding physical safety. The primary objective is... 399 subjects involved.,Full Board
Collection of saliva samples from healthy adults to measure cortisol levels. Participants will be asked to... 81 subjects involved.,Expedited
Observation of public behavior in a city park without any identifiers recorded. Participants will be asked to... 327 subjects involved.,Exempt
Surveying active drug users about illegal activities with identifiable data collection. This study aims to... 360 subjects involved.,Full Board
Research involving intentional deception of participants regarding physical safety. This study aims to... 301 subjects involved.,Full Board
Research on individual or group behavior using recorded voice or video data. Participants will be asked to... 466 subjects involved.,Expedited
Observation of public behavior in a city park without any identifiers recorded. The primary objective is... 493 subjects involved.,Exempt
Research involving intentional deception of participants regarding physical safety. The primary objective is... 144 subjects involved.,Full Board
Evaluation of a new math curriculum in a standard 4th-grade classroom environment. This study aims to... 77 subjects involved.,Exempt
Analysis of existing public datasets regarding census information. Participants will be asked to... 191 subjects involved.,Exempt
Clinical trial testing a new pharmaceutical drug for hypertension in elderly patients. The primary objective is... 310 subjects involved.,Full Board
"Focus groups regarding sensitive personal experiences, but with minimal risk of harm. This study aims to... 480 subjects involved.",Expedited
Collection of saliva samples from healthy adults to measure cortisol levels. This study aims to... 82 subjects involved.,Expedited
Evaluating a high-risk surgical procedure for spinal cord injury reconstruction. This study aims to... 126 subjects involved.,Full Board
Clinical trial testing a new pharmaceutical drug for hypertension in elderly patients. Data will be collected via... 458 subjects involved.,Full Board
Collection of saliva samples from healthy adults to measure cortisol levels. Participants will be asked to... 315 subjects involved.,Expedited
"Focus groups regarding sensitive personal experiences, but with minimal risk of harm. Participants will be asked to... 389 subjects involved.",Expedited
Research involving intentional deception of participants regarding physical safety. Participants will be asked to... 357 subjects involved.,Full Board
Observation of public behavior in a city park without any identifiers recorded. Data will be collected via... 131 subjects involved.,Exempt
Retrospective review of de-identified medical records for frequency of flu symptoms. The primary objective is... 462 subjects involved.,Exempt
Interviews with teachers about stress levels where names are linked to responses. Data will be collected via... 31 subjects involved.,Expedited
Collection of saliva samples from healthy adults to measure cortisol levels. Data will be collected via... 47 subjects involved.,Expedited
Surveying active drug users about illegal activities with identifiable data collection. Participants will be asked to... 263 subjects involved.,Full Board
Secondary analysis of anonymized blood pressure data from a 2010 study. This study aims to... 377 subjects involved.,Exempt
Research involving interviews with incarcerated individuals about prison conditions. The primary objective is... 280 subjects involved.,Full Board
Surveying active drug users about illegal activities with identifiable data collection. Data will be collected via... 111 subjects involved.,Full Board
Surveying active drug users about illegal activities with identifiable data collection. Participants will be asked to... 173 subjects involved.,Full Board
Surveying active drug users about illegal activities with identifiable data collection. Data will be collected via... 27 subjects involved.,Full Board
Research on individual or group behavior using recorded voice or video data. The primary objective is... 97 subjects involved.,Expedited
Small blood draw via venipuncture from healthy non-pregnant adults. Data will be collected via... 16 subjects involved.,Expedited
Anonymous survey regarding workplace satisfaction among corporate employees. Data will be collected via... 461 subjects involved.,Exempt
Research involving interviews with incarcerated individuals about prison conditions. The primary objective is... 15 subjects involved.,Full Board
Analysis of existing public datasets regarding census information. This study aims to... 167 subjects involved.,Exempt
Research involving intentional deception of participants regarding physical safety. Participants will be asked to... 189 subjects involved.,Full Board
Small blood draw via venipuncture from healthy non-pregnant adults. The primary objective is... 61 subjects involved.,Expedited
Study on the psychological impact of past trauma in children under 10. This study aims to... 387 subjects involved.,Full Board
Analysis of existing public datasets regarding census information. The primary objective is... 452 subjects involved.,Exempt
Secondary analysis of anonymized blood pressure data from a 2010 study. Data will be collected via... 29 subjects involved.,Exempt
Clinical trial testing a new pharmaceutical drug for hypertension in elderly patients. Participants will be asked to... 50 subjects involved.,Full Board
Research involving intentional deception of participants regarding physical safety. The primary objective is... 248 subjects involved.,Full Board
Secondary analysis of anonymized blood pressure data from a 2010 study. The primary objective is... 432 subjects involved.,Exempt
Research on individual or group behavior using recorded voice or video data. Participants will be asked to... 35 subjects involved.,Expedited
Surveying active drug users about illegal activities with identifiable data collection. Participants will be asked to... 430 subjects involved.,Full Board
"Focus groups regarding sensitive personal experiences, but with minimal risk of harm. The primary objective is... 454 subjects involved.",Expedited
Study using non-invasive heart rate monitors during light treadmill exercise. Participants will be asked to... 124 subjects involved.,Expedited
Anonymous survey regarding workplace satisfaction among corporate employees. Participants will be asked to... 468 subjects involved.,Exempt
Anonymous survey regarding workplace satisfaction among corporate employees. The primary objective is... 373 subjects involved.,Exempt
Anonymous survey regarding workplace satisfaction among corporate employees. Participants will be asked to... 193 subjects involved.,Exempt
Analysis of existing public datasets regarding census information. Data will be collected via... 170 subjects involved.,Exempt
Retrospective review of de-identified medical records for frequency of flu symptoms. This study aims to... 160 subjects involved.,Exempt
Research on individual or group behavior using recorded voice or video data. Data will be collected via... 236 subjects involved.,Expedited
Evaluation of a new math curriculum in a standard 4th-grade classroom environment. The primary objective is... 444 subjects involved.,Exempt
Evaluation of a new math curriculum in a standard 4th-grade classroom environment. This study aims to... 50 subjects involved.,Exempt
Research involving interviews with incarcerated individuals about prison conditions. This study aims to... 38 subjects involved.,Full Board
Research involving interviews with incarcerated individuals about prison conditions. Data will be collected via... 132 subjects involved.,Full Board
Retrospective review of de-identified medical records for frequency of flu symptoms. Participants will be asked to... 142 subjects involved.,Exempt
Retrospective review of de-identified medical records for frequency of flu symptoms. This study aims to... 115 subjects involved.,Exempt
Retrospective review of de-identified medical records for frequency of flu symptoms. The primary objective is... 135 subjects involved.,Exempt
Interviews with teachers about stress levels where names are linked to responses. The primary objective is... 330 subjects involved.,Expedited
Interviews with teachers about stress levels where names are linked to responses. Data will be collected via... 314 subjects involved.,Expedited
Anonymous survey regarding workplace satisfaction among corporate employees. This study aims to... 262 subjects involved.,Exempt
Secondary analysis of anonymized blood pressure data from a 2010 study. This study aims to... 194 subjects involved.,Exempt
Collection of saliva samples from healthy adults to measure cortisol levels. This study aims to... 443 subjects involved.,Expedited
Clinical trial testing a new pharmaceutical drug for hypertension in elderly patients. Participants will be asked to... 133 subjects involved.,Full Board
Evaluation of a new math curriculum in a standard 4th-grade classroom environment. The primary objective is... 454 subjects involved.,Exempt
Research involving interviews with incarcerated individuals about prison conditions. The primary objective is... 29 subjects involved.,Full Board
Study on the psychological impact of past trauma in children under 10. The primary objective is... 125 subjects involved.,Full Board
Clinical trial testing a new pharmaceutical drug for hypertension in elderly patients. This study aims to... 385 subjects involved.,Full Board
"Focus groups regarding sensitive personal experiences, but with minimal risk of harm. This study aims to... 366 subjects involved.",Expedited
Anonymous survey regarding workplace satisfaction among corporate employees. Participants will be asked to... 198 subjects involved.,Exempt
Study using non-invasive heart rate monitors during light treadmill exercise. Participants will be asked to... 323 subjects involved.,Expedited
"Focus groups regarding sensitive personal experiences, but with minimal risk of harm. This study aims to... 188 subjects involved.",Expedited
"Focus groups regarding sensitive personal experiences, but with minimal risk of harm. Participants will be asked to... 207 subjects involved.",Expedited
Evaluation of a new math curriculum in a standard 4th-grade classroom environment. Data will be collected via... 219 subjects involved.,Exempt
Research involving interviews with incarcerated individuals about prison conditions. The primary objective is... 290 subjects involved.,Full Board
Study on the psychological impact of past trauma in children under 10. This study aims to... 213 subjects involved.,Full Board
Interviews with teachers about stress levels where names are linked to responses. The primary objective is... 274 subjects involved.,Expedited
Anonymous survey regarding workplace satisfaction among corporate employees. Participants will be asked to... 276 subjects involved.,Exempt
Surveying active drug users about illegal activities with identifiable data collection. Data will be collected via... 124 subjects involved.,Full Board
"Focus groups regarding sensitive personal experiences, but with minimal risk of harm. Participants will be asked to... 49 subjects involved.",Expedited
Surveying active drug users about illegal activities with identifiable data collection. The primary objective is... 192 subjects involved.,Full Board
Study on the psychological impact of past trauma in children under 10. Participants will be asked to... 212 subjects involved.,Full Board
Collection of saliva samples from healthy adults to measure cortisol levels. The primary objective is... 470 subjects involved.,Expedited
Secondary analysis of anonymized blood pressure data from a 2010 study. Data will be collected via... 462 subjects involved.,Exempt
Observation of public behavior in a city park without any identifiers recorded. Data will be collected via... 32 subjects involved.,Exempt
Research involving intentional deception of participants regarding physical safety. The primary objective is... 454 subjects involved.,Full Board
Anonymous survey regarding workplace satisfaction among corporate employees. The primary objective is... 10 subjects involved.,Exempt
Research involving intentional deception of participants regarding physical safety. The primary objective is... 190 subjects involved.,Full Board
Study on the psychological impact of past trauma in children under 10. The primary objective is... 110 subjects involved.,Full Board
